character,level,strokes,grade,freq,onyomi,kunyomi,meanings
氏,N1,4,4,84,シ,うじ; -うじ,family name; surname; clan
統,N1,12,5,125,トウ,す.べる,overall; relationship; ruling; governing
保,N1,9,5,146,ホ; ホウ,たも.つ,protect; guarantee; keep; preserve; sustain; support
第,N1,11,3,160,ダイ; テイ,,No.; residence
結,N1,12,4,162,ケツ; ケチ,むす.ぶ; ゆ.う; ゆ.わえる,tie; bind; contract; join; organize; do up hair; fasten
派,N1,9,6,164,ハ,,faction; group; party; clique; sect; school
案,N1,10,4,206,アン,つくえ,plan; suggestion; draft; ponder; fear; proposition; idea; expectation; worry; table; bench
策,N1,12,6,209,サク,,scheme; plan; policy; step; means
基,N1,11,5,241,キ,もと; もとい,fundamentals; radical (chem); counter for machines; foundation
価,N1,8,5,250,カ; ケ,あたい,value; price
提,N1,12,5,254,テイ; チョウ; ダイ,さ.げる,propose; take along; carry in hand
挙,N1,10,4,257,キョ,あ.げる; あ.がる; こぞ.る,raise; plan; project; behavior; actions
応,N1,7,5,266,オウ; ヨウ; -ノウ,あた.る; まさに; こた.える,apply; answer; yes; OK; reply; accept
企,N1,6,8,278,キ,くわだ.てる; たくら.む,undertake; scheme; design; attempt; plan
検,N1,12,5,290,ケン,しら.べる,examination; investigate
藤,N1,18,8,291,トウ; ドウ,ふじ,wisteria
沢,N1,7,8,296,タク,さわ; うるお.い; うるお.す; つや,swamp; marsh; brilliance; grace
裁,N1,12,6,297,サイ,た.つ; さば.く,tailor; judge; decision; cut out (pattern)
証,N1,12,5,306,ショウ,あかし,evidence; proof; certificate
援,N1,12,8,312,エン,,abet; help; save
施,N1,9,8,323,シ; セ,ほどこ.す,give; bestow; perform; alms
井,N1,4,4,339,セイ; ショウ,い,well; well crib; town; community
護,N1,20,5,351,ゴ,まも.る,safeguard; protect
展,N1,10,6,352,テン,,unfold; expand
態,N1,14,5,353,タイ,わざ.と,attitude; condition; figure; appearance; voice (of verbs)
鮮,N1,17,8,355,セン,あざ.やか,fresh; vivid; clear; brilliant; Korea
視,N1,11,6,362,シ,み.る,inspection; regard as; see; look at
条,N1,7,5,363,ジョウ; チョウ; デキ,えだ; すじ,"article; clause; counter for articles, clauses, paragraphs, etc.; twig; item; stripe; streak"
幹,N1,13,5,364,カン,みき,tree trunk; main part; talent; capability
独,N1,9,5,365,ドク; トク,ひと.り,single; alone; spontaneously; Germany
宮,N1,10,3,367,キュウ; グウ; ク; クウ,みや,Shinto shrine; constellations; palace; princess
率,N1,11,5,383,ソツ; リツ; シュツ,ひき.いる,ratio; rate; proportion; %; factor; lead; spearhead; command
衛,N1,16,5,400,エイ; エ,,defense; protection
張,N1,11,5,403,チョウ,は.る; -は.り; -ば.り,counter for bows & stringed instruments; stretch; spread; put up (tent)
監,N1,15,8,408,カン,,oversee; official; govt office; rule; administer
環,N1,17,8,409,カン,わ,ring; circle; loop
審,N1,15,8,412,シン,つまび.らか; つぶさ.に,hearing; judge; trial
義,N1,13,5,415,ギ,,righteousness; justice; morality; honor; loyalty; meaning
訴,N1,12,8,427,ソ,うった.える,accusation; sue; complain of pain; appeal to
株,N1,10,6,432,シュ,かぶ,stocks; stump; shares; stock; counter for small plants
姿,N1,9,6,441,シ,すがた,figure; form; shape
閣,N1,14,6,444,カク,,tower; tall building; palace
衆,N1,12,6,450,シュウ; シュ,おお.い,masses; great numbers; multitude; populace
評,N1,12,5,454,ヒョウ,,evaluate; criticism; comment
影,N1,15,8,464,エイ,かげ,shadow; silhouette; phantom
松,N1,8,4,471,ショウ,まつ,pine tree
撃,N1,15,8,473,ゲキ,う.つ,beat; attack; defeat; conquer
佐,N1,7,4,474,サ,,assistant; help
核,N1,10,8,475,カク,,nucleus; core; kernel
整,N1,16,3,478,セイ,ととの.える; ととの.う,organize; arranging; tune; tone; meter; key (music)
融,N1,16,8,481,ユウ,と.ける; と.かす,dissolve; melt
製,N1,14,5,488,セイ,,made in...; manufacture
票,N1,11,4,489,ヒョウ,,ballot; label; ticket; sign
渉,N1,11,8,499,ショウ,わた.る,ford; go cross; transit; ferry; import; involve
響,N1,20,8,502,キョウ,ひび.く,echo; sound; resound; ring; vibrate
推,N1,11,6,507,スイ,お.す,conjecture; infer; guess; suppose; support; push (for)
請,N1,15,8,524,セイ; シン; ショウ,こ.う; う.ける,solicit; invite; ask
器,N1,15,4,525,キ,うつわ,utensil; vessel; receptacle; implement; instrument; ability; container; tool; set
士,N1,3,5,526,シ,さむらい,gentleman; scholar; samurai; samurai radical (no. 33)
討,N1,10,6,528,トウ,う.つ,chastise; attack; defeat; destroy; conquer
攻,N1,7,8,532,コウ,せ.める,aggression; attack; criticize; polish
崎,N1,11,4,533,キ,さき; さい; みさき,promontory; cape; spit
督,N1,13,8,534,トク,,coach; command; urge; lead; supervise
授,N1,11,5,535,ジュ,さず.ける; さず.かる,impart; instruct; grant; confer
催,N1,13,8,536,サイ,もよう.す; もよお.す,sponsor; hold (a meeting); give (a dinner)
及,N1,3,8,544,キュウ,およ.ぶ; およ.び; および; およ.ぼす,reach out; exert; exercise; cause
憲,N1,16,6,551,ケン,,constitution; law
離,N1,19,8,555,リ,はな.れる; はな.す,detach; separation; disjoin; digress
激,N1,16,6,560,ゲキ,はげ.しい,violent; get excited; enraged; chafe; incite
摘,N1,14,8,564,テキ,つ.む,pinch; pick; pluck; trim; clip; summarize
系,N1,7,6,567,ケイ,,lineage; system
批,N1,7,6,568,ヒ,,criticism; strike
郎,N1,9,8,569,ロウ; リョウ,おとこ,son; counter for sons
健,N1,11,4,572,ケン,すこ.やか,healthy; health; strength; persistence
盟,N1,13,6,587,メイ,,alliance; oath
従,N1,10,6,601,ジュウ; ショウ; ジュ,したが.う; したが.える; より,accompany; obey; submit to; comply; follow; secondary; incidental; subordinate
修,N1,10,5,603,シュウ; シュ,おさ.める; おさ.まる,discipline; conduct oneself well; study; master
隊,N1,12,4,605,タイ,,regiment; party; company; squad
織,N1,18,5,608,ショク; シキ,お.る; お.り; おり; -おり; -お.り,weave; fabric
拡,N1,8,6,611,カク; コウ,ひろ.がる; ひろ.げる; ひろ.める,broaden; extend; expand; enlarge
故,N1,9,5,612,コ,ゆえ; ふる.い; もと,happenstance; especially; intentionally; reason; cause; circumstances; the late; therefore; consequently
振,N1,10,8,614,シン,ふ.る; ふ.れる; ふ.るう,shake; wave; wag; swing
弁,N1,5,5,619,ベン; ヘン,かんむり; わきま.える; わ.ける; はなびら; あらそ.う,valve; petal; braid; speech; dialect; discrimination; dispose of; distinguish; conical cap
就,N1,12,6,624,シュウ; ジュ,つ.く; つ.ける,concerning; settle; take position; depart; study; per
異,N1,11,6,631,イ,こと; こと.なる; け,uncommon; different; queerness; strangeness; wonderful; curious; unusual
献,N1,13,8,637,ケン; コン,たてまつ.る,offering; counter for drinks; present; offer
厳,N1,17,6,638,ゲン; ゴン,おごそ.か; きび.しい; いか.めしい; いつくし,stern; strictness; severity; rigidity
維,N1,14,8,643,イ,,fiber; tie; rope
浜,N1,10,8,645,ヒン,はま,seacoast; beach; seashore
遺,N1,15,6,647,イ; ユイ,のこ.す,bequeath; leave behind; reserve
塁,N1,12,8,651,ルイ; ライ; スイ,とりで,bases; fort; rampart; walls; base(ball)
邦,N1,7,8,654,ホウ,くに,home country; country; Japan
素,N1,10,5,660,ソ; ス,もと,elementary; principle; naked; uncovered
遣,N1,13,8,664,ケン,つか.う; -つか.い; -づか.い; つか.わす; や.る,dispatch; despatch; send; give; donate; do; undertake
抗,N1,7,8,666,コウ,あらが.う,confront; resist; defy; oppose
模,N1,14,6,668,モ; ボ,,imitation; copy; mock
雄,N1,12,8,669,ユウ,お-; おす; おん,masculine; male; hero; leader; superiority; excellence
益,N1,10,5,674,エキ; ヤク,ま.す,benefit; gain; profit; advantage
緊,N1,15,8,677,キン,し.める; し.まる,tense; solid; hard; reliable; tight
標,N1,15,4,686,ヒョウ,しるべ; しるし,signpost; seal; mark; stamp; imprint; symbol; emblem; trademark; evidence; souvenir; target
宣,N1,9,6,695,セン,のたま.う,proclaim; say; announce
昭,N1,9,3,697,ショウ,,shining; bright
廃,N1,12,8,698,ハイ,すた.れる; すた.る,abolish; obsolete; cessation; discarding; abandon
伊,N1,6,9,703,イ,かれ,Italy; that one
江,N1,6,8,704,コウ,え,creek; inlet; bay
僚,N1,14,8,709,リョウ,,colleague; official; companion
吉,N1,6,8,711,キチ; キツ,よし,good luck; joy; congratulations
盛,N1,11,6,712,セイ; ジョウ,も.る; さか.る; さか.ん,boom; prosper; copulate
皇,N1,9,6,721,コウ; オウ,,emperor
臨,N1,18,6,722,リン,のぞ.む,look to; face; meet; confront; attend; call on
踏,N1,15,8,723,トウ,ふ.む; ふ.まえる,step; trample; carry through; appraise; evade payment
壊,N1,16,8,727,カイ; エ,こわ.す; こわ.れる; やぶ.る,demolition; break; destroy
債,N1,13,8,728,サイ,,bond; loan; debt
興,N1,16,5,734,コウ; キョウ,おこ.る; おこ.す,entertain; revive; retrieve; interest; pleasure
源,N1,13,6,738,ゲン,みなもと,source; origin
儀,N1,15,8,739,ギ,,ceremony; rule; affair; case; a matter
創,N1,12,6,741,ソウ; ショウ,つく.る; はじ.める; きず; けず.しける,genesis; wound; injury; hurt; start; originate
障,N1,14,6,742,ショウ,さわ.る,hinder; hurt; harm
継,N1,13,8,743,ケイ,つ.ぐ; まま-,inherit; succeed; continue; patch; graft (tree)
筋,N1,12,6,744,キン,すじ,muscle; sinew; tendon; fiber; plot; plan; descent
闘,N1,18,8,751,トウ,たたか.う; あらそ.う,fight; war
葬,N1,12,8,754,ソウ,ほうむ.る,interment; bury; shelve
避,N1,16,8,756,ヒ,さ.ける; よ.ける,evade; avoid; avert; ward off; shirk; shun
司,N1,5,4,759,シ,つかさど.る,director; official; govt office; rule; administer
康,N1,11,4,760,コウ,,ease; peace
善,N1,12,6,765,ゼン,よ.い; い.い; よ.く; よし.とする,virtuous; good; goodness
逮,N1,11,8,766,タイ,,apprehend; chase
迫,N1,8,8,773,ハク,せま.る,urge; force; imminent; spur on
惑,N1,12,8,777,ワク,まど.う,beguile; delusion; perplexity
崩,N1,11,8,778,ホウ,くず.れる; -くず.れ; くず.す,crumble; die; demolish; level
紀,N1,9,5,780,キ,,chronicle; account; narrative; history; annals; geologic period
聴,N1,17,8,781,チョウ; テイ,き.く; ゆる.す,listen; headstrong; naughty; careful inquiry
脱,N1,11,8,782,ダツ,ぬ.ぐ; ぬ.げる,undress; removing; escape from; get rid of; be left out; take off
級,N1,9,3,785,キュウ,,class; rank; grade
博,N1,12,4,794,ハク; バク,,Dr.; command; esteem; win acclaim; Ph.D.; exposition; fair
締,N1,15,8,797,テイ,し.まる; し.まり; し.める; -し.め; -じ.め,tighten; tie; shut; lock; fasten
救,N1,11,5,799,キュウ,すく.う,salvation; save; help; rescue; reclaim
執,N1,11,8,800,シツ; シュウ,と.る,tenacious; take hold; grasp; take to heart
房,N1,8,8,808,ボウ,ふさ,tassel; tuft; fringe; bunch; lock (hair); segment (orange); house; room
撤,N1,15,8,811,テツ,,remove; withdraw; disarm; dismantle; reject; exclude
削,N1,9,8,814,サク,けず.る; はつ.る; そ.ぐ,plane; sharpen; whittle; pare; shave
密,N1,11,6,815,ミツ,ひそ.か,secrecy; density (pop); minuteness; carefulness
措,N1,11,8,818,ソ,お.く,set aside; give up; suspend; discontinue; lay aside; except
志,N1,7,5,823,シ,シリング; こころざ.す; こころざし,intention; plan; resolve; aspire; motive; hopes; shilling
載,N1,13,8,825,サイ,の.せる; の.る,ride; board; get on; place; spread; 10**44; record; publish
陣,N1,10,8,828,ジン,,camp; battle array; ranks; position; sudden; brief time
我,N1,7,6,829,ガ,われ; わ; わ.が-; わが-,ego; I; selfish; our; oneself
為,N1,9,8,831,イ,ため; な.る; な.す; す.る; たり; つく.る; なり,do; change; make; benefit; welfare; be of use; reach to; try; practice; cost; serve as; good; advantage; as a result of
抑,N1,7,8,834,ヨク,おさ.える,repress; well; now; in the first place; push; shove; press; seal; do in spite of
幕,N1,13,6,835,マク; バク,とばり,curtain; bunting; act of play
染,N1,9,6,837,セン,そ.める; そ.まる; し.みる; し.み,dye; color; paint; stain; print
奈,N1,8,4,841,ナ; ナイ; ダイ,いかん; からなし,Nara; what?
傷,N1,13,6,845,ショウ,きず; いた.む; いた.める,wound; hurt; injure; impair; pain; injury; cut; gash; scar; weak point
択,N1,7,8,847,タク,えら.ぶ,choose; select; elect; prefer
秀,N1,7,8,848,シュウ,ひい.でる,excel; excellence; beauty; surpass
徴,N1,14,8,850,チョウ; チ,しるし,indications; sign; omen; symptom; collect; seek; refer to; question
弾,N1,12,8,853,ダン; タン,ひ.く; -ひ.き; はず.む; たま; はじ.く; はじ.ける; ただ.す; はじ.きゆみ,bullet; twang; flip; snap
償,N1,17,8,854,ショウ,つぐな.う,reparation; make up for; recompense; redeem
功,N1,5,4,857,コウ; ク,いさお,achievement; merits; success; honor; credit
拠,N1,8,8,858,キョ; コ,よ.る,foothold; based on; follow; therefore
秘,N1,10,6,862,ヒ,ひ.める; ひそ.か; かく.す,secret; conceal
拒,N1,8,8,863,キョ; ゴ,こば.む,repel; refuse; reject; decline
刑,N1,6,8,864,ケイ,,punish; penalty; sentence; punishment
塚,N1,12,8,869,チョウ,つか; -づか,hillock; mound
致,N1,10,8,870,チ,いた.す,doth; do; send; forward; cause; exert; incur; engage
繰,N1,19,8,872,ソウ,く.る,winding; reel; spin; turn (pages); look up; refer to
尾,N1,7,8,875,ビ,お,tail; end; counter for fish; lower slope of mountain
描,N1,11,8,876,ビョウ,えが.く; か.く,sketch; compose; write; draw; paint
鈴,N1,13,8,880,レイ; リン,すず,small bell; buzzer
盤,N1,15,8,881,バン,,tray; shallow bowl; platter; tub; board; phonograph record
項,N1,12,8,884,コウ,うなじ,paragraph; nape of neck; clause; item; term (expression)
喪,N1,12,8,885,ソウ,も,miss; mourning
伴,N1,7,8,886,ハン; バン,ともな.う,consort; accompany; bring with; companion
養,N1,15,4,888,ヨウ; リョウ,やしな.う,foster; bring up; rear; develop; nurture
懸,N1,20,8,889,ケン; ケ,か.ける; か.かる,state of suspension; hang; depend; consult; distant; far apart
街,N1,12,4,891,ガイ; カイ,まち,boulevard; street; town
契,N1,9,8,898,ケイ,ちぎ.る,pledge; promise; vow
掲,N1,11,8,899,ケイ,かか.げる,put up (a notice); put up; hoist; display; hang out; publish; describe
躍,N1,21,8,900,ヤク,おど.る,leap; dance; skip
棄,N1,13,8,901,キ,す.てる,abandon; throw away; discard; resign; reject; sacrifice
邸,N1,8,8,905,テイ,やしき,residence; mansion
縮,N1,17,6,909,シュク,ちぢ.む; ちぢ.まる; ちぢ.める; ちぢ.れる; ちぢ.らす,shrink; contract; shrivel; wrinkle; reduce
還,N1,16,8,910,カン,かえ.る,send back; return
属,N1,12,5,912,ゾク; ショク,さかん; つく; やから,belong; genus; subordinate official; affiliated
慮,N1,15,8,916,リョ,おもんぱく.る; おもんぱか.る,prudence; thought; concern; consider; deliberate; fear
枠,N1,8,8,922,,わく,frame; framework; spindle; spool; bounding-box; (kokuji)
恵,N1,10,8,925,ケイ; エ,めぐ.む; めぐ.み,favor; blessing; grace; kindness
露,N1,21,8,928,ロ; ロウ,つゆ,dew; tears; expose; Russia
沖,N1,7,4,929,チュウ,おき; おきつ; ちゅう.する; わく,open sea; offing; rise high into sky
緩,N1,15,8,933,カン,ゆる.い; ゆる.やか; ゆる.む; ゆる.める,slacken; loosen; relax; lessen; be moderate; ease
節,N1,13,4,934,セツ; セチ,ふし; -ぶし; のっと,node; season; period; occasion; verse; clause; stanza; honor; joint; knuckle; knob; knot; tune; melody
需,N1,14,8,935,ジュ,,demand; request; need
射,N1,10,6,937,シャ,い.る; さ.す; う.つ,shoot; shine into; onto; archery
購,N1,17,8,945,コウ,,subscription; buy
揮,N1,12,6,946,キ,ふる.う,brandish; wave; wag; swing; shake
充,N1,6,8,949,ジュウ,あ.てる; み.たす,allot; fill
貢,N1,10,8,956,コウ; ク,みつ.ぐ,tribute; support; finance
鹿,N1,11,4,957,ロク,しか; か,deer
却,N1,7,8,959,キャク,かえ.って; しりぞ.く; しりぞ.ける,instead; on the contrary; rather; step back; withdraw; retreat
端,N1,14,8,960,タン,はし; は; はた; -ばた; はな,edge; origin; end; point; border; verge; cape
賃,N1,13,6,961,チン,,fare; fee; hire; rent; wages; charge
獲,N1,16,8,964,カク,え.る,seize; get; find; earn; acquire; can; may; able to
郡,N1,10,4,965,グン,こおり,county; district
併,N1,8,8,966,ヘイ,あわ.せる,join; get together; unite; collective
徹,N1,15,8,968,テツ,,penetrate; clear; pierce; strike home; sit up (all night)
貴,N1,12,6,970,キ,たっと.い; とうと.い; たっと.ぶ; とうと.ぶ,precious; value; prize; esteem; honor
衝,N1,15,8,972,ショウ,つ.く,collide; brunt; highway; opposition (astronomy); thrust; pierce; stab; prick
焦,N1,12,8,973,ショウ,こ.げる; こ.がす; こ.がれる; あせ.る; じ.れる; じ.らす,char; hurry; impatient; irritate; burn; scorch; singe
奪,N1,14,8,974,ダツ,うば.う,rob; take by force; snatch away; dispossess; plunder; usurp
災,N1,7,5,976,サイ,わざわ.い,disaster; calamity; woe; curse; evil
浦,N1,10,8,977,ホ,うら,bay; creek; inlet; gulf; beach; seacoast
析,N1,8,8,980,セキ,,chop; divide; tear; analyze
譲,N1,20,8,984,ジョウ,ゆず.る,defer; turnover; transfer; convey
称,N1,10,8,985,ショウ,たた.える; とな.える; あ.げる; かな.う; はか.り; はか.る; ほめ.る,appellation; praise; admire; name; title; fame
納,N1,10,6,987,ノウ; ナッ; ナ; ナン; トウ,おさ.める; -おさ.める; おさ.まる,settlement; obtain; reap; pay; supply; store
樹,N1,16,6,988,ジュ,き,timber; trees; wood; establish; set up
挑,N1,9,8,989,チョウ,いど.む,challenge; contend for; make love to
誘,N1,14,8,993,ユウ,さそ.う; いざな.う,entice; lead; tempt; invite; ask; call for; seduce; allure
紛,N1,10,8,994,フン,まぎ.れる; -まぎ.れ; まぎ.らす; まぎ.らわす; まぎ.らわしい,distract; be mistaken for; go astray; divert
至,N1,6,6,996,シ,いた.る,climax; arrive; proceed; reach; attain; result in
宗,N1,8,6,997,シュウ; ソウ,むね,religion; sect; denomination; main point; origin; essence
促,N1,9,8,998,ソク,うなが.す,stimulate; urge; press; demand; incite
慎,N1,13,8,999,シン,つつし.む; つつ.ましい; つつし; つつし.み,humility; be careful; discreet; prudent
控,N1,11,8,1000,コウ,ひか.える; ひか.え,withdraw; draw in; hold back; refrain from; be moderate
智,N1,12,9,1002,チ,,wisdom; intellect; reason
握,N1,12,8,1003,アク,にぎ.る,grip; hold; mould sushi; bribe
宙,N1,8,6,1005,チュウ,,mid-air; air; space; sky; memorization; interval of time
俊,N1,9,8,1007,シュン,,sagacious; genius; excellence
銭,N1,14,6,1008,セン; ゼン,ぜに; すき,coin; .01 yen; money
渋,N1,11,8,1011,ジュウ; シュウ,しぶ; しぶ.い; しぶ.る,astringent; hesitate; reluctant; have diarrhea
銃,N1,14,8,1013,ジュウ,つつ,gun; arms
操,N1,16,6,1016,ソウ; サン,みさお; あやつ.る,maneuver; manipulate; operate; steer; chastity; virginity; fidelity
携,N1,13,8,1017,ケイ,たずさ.える; たずさ.わる,portable; carry (in hand); armed with; bring along
診,N1,12,8,1019,シン,み.る,checkup; seeing; diagnose; examine
託,N1,10,8,1021,タク,かこつ.ける; かこ.つ; かこ.つける,consign; requesting; entrusting with; pretend; hint
撮,N1,15,8,1023,サツ,と.る; つま.む; -ど.り,snapshot; take pictures
誕,N1,15,6,1024,タン,,nativity; be born; declension; lie; be arbitrary
侵,N1,9,8,1025,シン,おか.す,encroach; invade; raid; trespass; violate
括,N1,9,8,1026,カツ,くく.る,fasten; tie up; arrest; constrict
謝,N1,17,5,1028,シャ,あやま.る,apologize; thank; refuse
駆,N1,14,8,1033,ク,か.ける; か.る,drive; run; gallop; advance; inspire; impel
透,N1,10,8,1035,トウ,す.く; す.かす; す.ける; とう.る; とう.す,transparent; permeate; filter; penetrate
津,N1,9,8,1036,シン,つ,haven; port; harbor; ferry
壁,N1,16,8,1037,ヘキ,かべ,wall; lining (stomach); fence
稲,N1,14,8,1038,トウ; テ,いね; いな-,rice plant
仮,N1,6,5,1039,カ; ケ,かり; かり-,sham; temporary; interim; assumed (name); informal
裂,N1,12,8,1041,レツ,さ.く; さ.ける; -ぎ.れ,split; rend; tear
敏,N1,10,8,1042,ビン,さとい,cleverness; agile; alert
是,N1,9,8,1045,ゼ; シ,これ; この; ここ,just so; this; right; justice
排,N1,11,8,1047,ハイ,,repudiate; exclude; expel; reject; line up; arrange
裕,N1,12,8,1048,ユウ,,abundant; rich; fertile
堅,N1,12,8,1049,ケン,かた.い; -がた.い,strict; hard; solid; tough; tight; reliable
訳,N1,11,6,1050,ヤク,わけ,translate; reason; circumstance; case
芝,N1,6,8,1052,シ,しば,turf; lawn
綱,N1,14,8,1053,コウ,つな,hawser; class (genus); rope; cord; cable
典,N1,8,4,1055,テン; デン,ふみ; のり,code; ceremony; law; rule
賀,N1,12,4,1056,ガ,,congratulations; joy
扱,N1,6,8,1057,ソウ; キュウ,あつか.い; あつか.う; あつか.る; こ.く,handle; entertain; thresh; strip
顧,N1,21,8,1058,コ,かえり.みる,look back; review; examine oneself; turn around
弘,N1,5,9,1059,コウ; グ,ひろ.い,vast; broad; wide
看,N1,9,6,1060,カン,み.る,watch over; see
訟,N1,11,8,1061,ショウ,,sue; accuse
戒,N1,7,8,1062,カイ,いまし.める,commandment
祉,N1,8,8,1063,シ,,welfare; happiness
誉,N1,13,8,1064,ヨ,ほま.れ; ほ.める,reputation; praise; honor; glory
歓,N1,15,8,1065,カン,よろこ.ぶ,delight; joy
奏,N1,9,6,1067,ソウ,かな.でる,play music; speak to a ruler; complete
勧,N1,13,8,1068,カン; ケン,すす.める,persuade; recommend; advise; encourage; offer
騒,N1,18,8,1069,ソウ,さわ.ぐ; うれい; さわ.がしい,boisterous; make noise; clamor; disturb; excite
閥,N1,14,8,1072,バツ,,clique; lineage; pedigree; faction; clan
甲,N1,5,8,1073,コウ; カン,きのえ,armor; high (voice); A grade; first class; former; instep; carapace
縄,N1,15,4,1075,ジョウ,なわ; ただ.す,straw rope; cord
郷,N1,11,6,1077,キョウ; ゴウ,さと,home town; village; native place; district
揺,N1,12,8,1079,ヨウ,ゆ.れる; ゆ.る; ゆ.らぐ; ゆ.るぐ; ゆ.する; ゆ.さぶる; ゆ.すぶる; うご.く,swing; shake; sway; rock; tremble; vibrate
免,N1,8,8,1080,メン,まぬか.れる; まぬが.れる,excuse; dismissal
既,N1,10,8,1081,キ,すで.に,previously; already; long ago
薦,N1,16,8,1082,セン,すす.める,recommend; mat; advise; encourage; offer
隣,N1,16,8,1083,リン,とな.る; となり,neighboring
華,N1,10,8,1085,カ; ケ,はな,splendor; flower; petal; shine; luster; ostentatious; showy; gay; gorgeous
範,N1,15,8,1088,ハン,,pattern; example; model
隠,N1,14,8,1089,イン; オン,かく.す; かく.し; かく.れる; よ.る,conceal; hide; cover
徳,N1,14,4,1091,トク,,benevolence; virtue; goodness; commanding respect
哲,N1,10,8,1093,テツ,さとい; あきらか,philosophy; clear
杉,N1,7,8,1095,サン,すぎ,cedar; cryptomeria
釈,N1,11,8,1097,シャク; セキ,とく; す.てる; ゆる.す,explanation
己,N1,3,6,1098,コ; キ,おのれ; つちのと; な,self
妥,N1,7,8,1102,ダ,,gentle; peace; satisfactory; appropriate
威,N1,9,8,1103,イ,おど.す; おど.し; おど.かす,intimidate; dignity; majesty; menace; threaten
豪,N1,14,8,1104,ゴウ,えら.い,overpowering; great; powerful; excelling; Australia
熊,N1,14,4,1105,ユウ,くま,bear
滞,N1,13,8,1107,タイ; テイ,とどこお.る,stagnate; be delayed; overdue; arrears
微,N1,13,8,1108,ビ,かす.か,delicate; minuteness; insignificance
隆,N1,11,8,1109,リュウ,,hump; high; noble; prosperity
症,N1,10,8,1111,ショウ,,symptoms; illness
暫,N1,15,8,1112,ザン,しばら.く,temporarily; a while; moment; long time
忠,N1,8,6,1113,チュウ,,loyalty; fidelity; faithfulness
倉,N1,10,4,1114,ソウ,くら,godown; warehouse; storehouse; cellar; treasury
彦,N1,9,9,1117,ゲン,ひこ,lad; boy (ancient)
肝,N1,7,8,1118,カン,きも,liver; pluck; nerve; chutzpah
喚,N1,12,8,1120,カン,わめ.く,yell; cry; call; scream; summon
沿,N1,8,6,1121,エン,そ.う; -ぞ.い,run alongside; follow along; run along; lie along
妙,N1,7,8,1122,ミョウ; ビョウ,たえ,exquisite; strange; queer; mystery; miracle; excellent; delicate; charming
唱,N1,11,4,1123,ショウ,とな.える,chant; recite; call upon; yell
阿,N1,8,9,1126,ア; オ,おもね.る; くま,Africa; flatter; fawn upon; corner; nook; recess
索,N1,10,8,1127,サク,,cord; rope; searching; inquiring
誠,N1,13,6,1128,セイ,まこと,sincerity; admonish; warn; prohibit; truth; fidelity
襲,N1,22,8,1130,シュウ,おそ.う; かさ.ね,attack; advance on; succeed to; pile; heap
懇,N1,17,8,1135,コン,ねんご.ろ,sociable; kind; courteous; hospitable; cordial
俳,N1,10,6,1137,ハイ,,haiku; actor
柄,N1,9,8,1140,ヘイ,がら; え; つか,design; pattern; build; nature; character; handle; crank; grip; knob; shaft
驚,N1,22,8,1141,キョウ,おどろ.く; おどろ.かす,wonder; be surprised; frightened; amazed
麻,N1,11,8,1142,マ; マア,あさ,hemp; flax; numb
李,N1,7,9,1147,リ,すもも,plum
浩,N1,10,9,1149,コウ,おおき.い; ひろ.い,wide expanse; abundance; vigorous
剤,N1,10,8,1151,ザイ; スイ; セイ,かる; けず.る,dose; medicine; drug
瀬,N1,19,8,1152,ライ,せ,rapids; current; torrent; shallows; shoal
趣,N1,15,8,1153,シュ,おもむき; おもむ.く,purport; gist; elegance; interest; proceed to; tend; become
陥,N1,10,8,1154,カン,おちい.る; おとしい.れる,collapse; fall into; cave in; fall (castle); slide into
斎,N1,11,8,1155,サイ,とき; つつし.む; ものいみ; い.む; いわ.う; いつ.く,purification; Buddhist food; room; worship; avoid; alike
貫,N1,11,8,1156,カン,つらぬ.く; ぬ.く; ぬき,pierce; 8 1/3lbs; penetrate; brace
仙,N1,5,8,1157,セン; セント,,hermit; wizard; cent
慰,N1,15,8,1158,イ,なぐさ.める; なぐさ.む,consolation; amusement; seduce; cheer; make sport of; comfort; console
序,N1,7,5,1160,ジョ,つい.で; ついで,preface; beginning; order; precedence; occasion; chance; incidentally
旬,N1,6,8,1162,ジュン; シュン,,decameron; ten-day period; season (for specific products)
兼,N1,10,8,1164,ケン,か.ねる; -か.ねる,concurrently; and; beforehand; in advance
聖,N1,13,6,1165,セイ; ショウ,ひじり,holy; saint; sage; master; priest
旨,N1,6,8,1166,シ,むね; うま.い,delicious; relish; show a liking for; purport; will; clever; expert
即,N1,7,8,1167,ソク,つ.く; つ.ける; すなわ.ち,instant; namely; as is; conform; agree; adapt
柳,N1,9,8,1169,リュウ,やなぎ,willow
舎,N1,8,5,1170,シャ; セキ,やど.る,cottage; inn; hut; house; mansion
偽,N1,11,8,1171,ギ; カ,いつわ.る; にせ; いつわ.り,falsehood; lie; deceive; pretend; counterfeit; forgery
較,N1,13,8,1172,カク; コウ,くら.べる,contrast; compare
覇,N1,19,8,1173,ハ; ハク,はたがしら,hegemony; supremacy; leadership; champion
詳,N1,13,8,1178,ショウ,くわ.しい; つまび.らか,detailed; full; minute; accurate; well-informed
抵,N1,8,8,1182,テイ,,resist; reach; touch
脅,N1,10,8,1183,キョウ,おびや.かす; おど.す; おど.かす,threaten; coerce
茂,N1,8,8,1188,モ,しげ.る,overgrown; grow thick; be luxuriant
犠,N1,17,8,1189,ギ; キ,いけにえ,sacrifice
旗,N1,14,4,1190,キ,はた,flag; banner; standard
距,N1,12,8,1191,キョ,へだ.たる; けづめ,long-distance; spur; fetlock
雅,N1,13,8,1192,ガ,みや.び,gracious; elegant; graceful; refined
飾,N1,13,8,1193,ショク,かざ.る; かざ.り,decorate; ornament; adorn; embellish
網,N1,14,8,1194,モウ,あみ,netting; network
竜,N1,10,8,1195,リュウ; リョウ; ロウ,たつ; いせ,dragon; imperial
詩,N1,13,3,1196,シ,うた,poem; poetry
繁,N1,16,8,1198,ハン,しげ.る; しげ.く,luxuriant; thick; overgrown; frequency; complexity; trouble
翼,N1,17,8,1201,ヨク,つばさ,wing; plane; flank
潟,N1,15,4,1204,セキ,かた; -がた,lagoon
敵,N1,15,6,1205,テキ,かたき; あだ; かな.う,enemy; foe; opponent
魅,N1,15,8,1206,ミ,,fascination; charm; bewitch
嫌,N1,13,8,1207,ケン; ゲン,きら.う; きら.い; いや,dislike; detest; hate
斉,N1,8,8,1209,セイ; サイ,そろ.う; ひと.しい; ひと.しく; あたる; はやい,adjusted; alike; equal; similar variety of
敷,N1,15,8,1212,フ,し.く; -し.き,spread; pave; sit; promulgate
擁,N1,16,8,1213,ヨウ,,hug; embrace; possess; protect; lead
圏,N1,12,8,1216,ケン,かこ.い,sphere; circle; radius; range
酸,N1,14,5,1218,サン,す.い,acid; bitterness; sour; tart
罰,N1,14,8,1220,バツ; バチ; ハツ,ばっ.する,penalty; punishment
滅,N1,13,8,1222,メツ,ほろ.びる; ほろ.ぶ; ほろ.ぼす,destroy; ruin; overthrow; perish
礎,N1,18,8,1224,ソ,いしずえ,cornerstone; foundation stone
腐,N1,14,8,1225,フ,くさ.る; -くさ.る; くさ.れる; くさ.れ; くさ.らす; くさ.す,rot; decay; sour
脚,N1,11,8,1228,キャク; キャ; カク,あし,skids; leg; undercarriage; lower part; base
潮,N1,15,6,1231,チョウ,しお; うしお,tide; salt water; opportunity
梅,N1,10,4,1232,バイ,うめ,plum
尽,N1,6,8,1234,ジン; サン,つ.きる; つ.くす; つ.かす; -づ.く; -ず.く; ことごと.く,exhaust; use up; run out of; deplete; befriend; serve
僕,N1,14,8,1236,ボク,しもべ,me; I (male); servant; manservant
桜,N1,10,5,1237,オウ; ヨウ,さくら,cherry
滑,N1,13,8,1238,カツ; コツ,すべ.る; なめ.らか,slippery; slide; slip; fail exam
孤,N1,9,8,1239,コ,,orphan; alone
炎,N1,8,8,1242,エン,ほのお,inflammation; flame; blaze
賠,N1,15,8,1243,バイ,,compensation; indemnify
句,N1,5,5,1244,ク,,phrase; clause; sentence; passage; paragraph; counter for haiku
鋼,N1,16,6,1246,コウ,はがね,steel
頑,N1,13,8,1247,ガン,かたく.な,stubborn; foolish; firmly
鎖,N1,18,8,1250,サ,くさり; とざ.す,chain; irons; connection
彩,N1,11,8,1251,サイ,いろど.る,coloring; paint; makeup
摩,N1,15,8,1252,マ,ま.する; さす.る; す.る,chafe; rub; polish; grind; scrape
励,N1,7,8,1254,レイ,はげ.む; はげ.ます,encourage; be diligent; inspire
縦,N1,16,6,1258,ジュウ,たて,vertical; length; height; self-indulgent; wayward
輝,N1,15,8,1259,キ,かがや.く,radiance; shine; sparkle; gleam; twinkle
蓄,N1,13,8,1260,チク,たくわ.える,amass; raise; hoard; store
軸,N1,12,8,1261,ジク,,axis; pivot; stem; stalk; counter for book scrolls
巡,N1,6,8,1262,ジュン,めぐ.る; めぐ.り,patrol; go around; circumference
稼,N1,15,8,1264,カ,かせ.ぐ,earnings; work; earn money
瞬,N1,18,8,1265,シュン,またた.く; まじろ.ぐ,wink; blink; twinkle
砲,N1,10,8,1268,ホウ,,cannon; gun
噴,N1,15,8,1270,フン,ふ.く,erupt; spout; emit; flush out
誇,N1,13,8,1272,コ,ほこ.る,boast; be proud; pride; triumphantly
祥,N1,10,8,1273,ショウ,さいわ.い; きざ.し; よ.い; つまび.らか,auspicious; happiness; blessedness; good omen; good fortune
牲,N1,9,8,1274,セイ,,animal sacrifice; offering
秩,N1,10,8,1275,チツ,,regularity; salary; order
帝,N1,9,8,1276,テイ,みかど,sovereign; the emperor; god; creator
宏,N1,7,9,1277,コウ,ひろ.い,wide; large
唆,N1,10,8,1278,サ,そそ.る; そそのか.す,tempt; seduce; instigate; promote
阻,N1,8,8,1280,ソ,はば.む,thwart; separate from; prevent; obstruct; deter; impede
泰,N1,10,8,1281,タイ,,peaceful; calm; peace; easy; Thailand; extreme; excessive; great
賄,N1,13,8,1282,ワイ,まかな.う,bribe; board; supply; finance
撲,N1,15,8,1283,ボク,,slap; strike; hit; beat; tell; speak
堀,N1,11,8,1285,クツ,ほり,ditch; moat; canal
菊,N1,11,8,1287,キク,,chrysanthemum
絞,N1,12,8,1288,コウ,しぼ.る; し.める; し.まる,strangle; constrict; wring
縁,N1,15,8,1291,エン; -ネン,ふち; ふち.どる; ゆかり; よすが; へり; えにし,affinity; relation; connection; edge; border; verge; brink
唯,N1,11,8,1292,ユイ; イ,ただ,solely; only; merely; simply
膨,N1,16,8,1293,ボウ,ふく.らむ; ふく.れる,swell; get fat; thick
矢,N1,5,2,1294,シ,や,dart; arrow
耐,N1,9,8,1295,タイ,た.える,-proof; enduring
塾,N1,14,8,1297,ジュク,,cram school; private school
漏,N1,14,8,1298,ロウ,も.る; も.れる; も.らす,leak; escape; time
慶,N1,15,8,1300,ケイ,よろこ.び,jubilation; congratulate; rejoice; be happy
猛,N1,11,8,1301,モウ,,fierce; rave; rush; become furious; wildness; strength
芳,N1,7,8,1302,ホウ,かんば.しい,perfume; balmy; favorable; fragrant
懲,N1,18,8,1303,チョウ,こ.りる; こ.らす; こ.らしめる,penal; chastise; punish; discipline
剣,N1,10,8,1305,ケン,つるぎ,sabre; sword; blade; clock hand
彰,N1,14,8,1310,ショウ,,patent; clear
棋,N1,12,8,1311,キ,ご,chess piece; Japanese chess; shogi
丁,N1,2,3,1312,チョウ; テイ; チン; トウ; チ,ひのと,"street; ward; town; counter for guns, tools, leaves or cakes of something; even number; 4th calendar sign"
恒,N1,9,8,1314,コウ,つね; つねに,constancy; always
揚,N1,12,8,1316,ヨウ,あ.げる; -あ.げ; あ.がる,raise; elevate; hoist; praise; extol; fry in deep fat
冒,N1,9,8,1317,ボウ,おか.す,risk; face; defy; dare; damage; assume (a name)
之,N1,3,9,1318,シ,の; これ; ゆく; この,of; this
倫,N1,10,8,1322,リン,,ethics; companion
陳,N1,11,8,1323,チン,ひ.ねる,exhibit; state; relate; explain
憶,N1,16,8,1324,オク,,recollection; think; remember
潜,N1,15,8,1329,セン,ひそ.む; もぐ.る; かく.れる; くぐ.る; ひそ.める,submerge; conceal; hide; lower (voice); hush
梨,N1,11,4,1331,リ,なし,pear tree
仁,N1,4,6,1332,ジン; ニ; ニン,,humanity; virtue; benevolence; charity; man; kernel
克,N1,7,8,1333,コク,か.つ,overcome; kindly; skillfully
岳,N1,8,8,1334,ガク,たけ,point; peak; mountain
概,N1,14,8,1335,ガイ,おおむ.ね,outline; condition; approximation; generally
拘,N1,8,8,1336,コウ,かか.わる,arrest; seize; concerned; adhere to; despite
墓,N1,13,5,1337,ボ,はか,grave; tomb
黙,N1,15,8,1338,モク; ボク,だま.る; もだ.す,silence; become silent; stop speaking; leave as is
須,N1,12,8,1339,ス; シュ,すべから.く; すべし; ひげ; まつ; もち.いる; もと.める,ought; by all means; necessarily
偏,N1,11,8,1340,ヘン,かたよ.る,partial; side; left-side radical; inclining; biased
雰,N1,12,8,1341,フン,,atmosphere; fog
遇,N1,12,8,1343,グウ,あ.う,meet; encounter; interview; treat; entertain; receive; deal with
諮,N1,16,8,1345,シ,はか.る,consult with
狭,N1,9,8,1346,キョウ; コウ,せま.い; せば.める; せば.まる; さ,cramped; narrow; contract; tight
卓,N1,8,8,1348,タク,,eminent; table; desk; high
亀,N1,11,8,1353,キ; キュウ; キン,かめ,tortoise; turtle
糧,N1,18,8,1354,リョウ; ロウ,かて,provisions; food; bread
簿,N1,19,8,1358,ボ,,register; record book
炉,N1,8,8,1359,ロ,いろり,hearth; furnace; kiln; reactor
牧,N1,8,4,1360,ボク,まき,breed; care for; shepherd; feed; pasture
殊,N1,10,8,1361,シュ,こと,particularly; especially; exceptionally
殖,N1,12,8,1362,ショク,ふ.える; ふ.やす,augment; increase; multiply; raise
艦,N1,21,8,1363,カン,,warship
輩,N1,15,8,1365,ハイ,-ばら; やから; やかい; ともがら,comrade; fellow; people; companions
穴,N1,5,6,1366,ケツ,あな,hole; aperture; slit; cave; den
奇,N1,8,8,1367,キ,く.しき; あや.しい; くし; めずら.しい,strange; strangeness; curiosity
慢,N1,14,8,1368,マン,,ridicule; laziness
鶴,N1,21,8,1369,カク,つる,crane; stork
謀,N1,16,8,1370,ボウ; ム,はか.る; たばか.る; はかりごと,conspire; cheat; impose on; plan; devise; scheme; have in mind; deceive
暖,N1,13,6,1371,ダン; ノン,あたた.か; あたた.かい; あたた.まる; あたた.める,warmth
昌,N1,8,9,1372,ショウ,さかん,prosperous; bright; clear
拍,N1,8,8,1373,ハク; ヒョウ,,clap; beat (music)
朗,N1,10,6,1374,ロウ,ほが.らか; あき.らか,melodious; clear; bright; serene; cheerful
寛,N1,13,8,1377,カン,くつろ.ぐ; ひろ.い; ゆる.やか,tolerant; leniency; generosity; relax; feel at home; be at ease; broadminded
覆,N1,18,8,1378,フク,おお.う; くつがえ.す; くつがえ.る,capsize; cover; shade; mantle; be ruined
胞,N1,9,8,1379,ホウ,,placenta; sac; sheath
泣,N1,8,4,1380,キュウ,な.く,cry; weep; moan
隔,N1,13,8,1382,カク,へだ.てる; へだ.たる,isolate; alternate; distance; separate; gulf
浄,N1,9,8,1383,ジョウ; セイ,きよ.める; きよ.い,clean; purify; cleanse; exorcise; Manchu Dynasty
没,N1,7,8,1385,ボツ; モツ,おぼ.れる; しず.む; ない,drown; sink; hide; fall into; disappear; die
暇,N1,13,8,1386,カ,ひま; いとま,spare time; rest; leisure; time; leave of absence
肺,N1,9,6,1387,ハイ,,lungs
貞,N1,9,8,1389,テイ; ジョウ,ただし.い; さだ,upright; chastity; constancy; righteousness
靖,N1,13,9,1390,セイ; ジョウ,やす.んじる,peaceful
鑑,N1,23,8,1391,カン,かんが.みる; かがみ,specimen; take warning from; learn from
飼,N1,13,5,1392,シ,か.う,domesticate; raise; keep; feed
陰,N1,11,8,1393,イン,かげ; かげ.る,shade; yin; negative; sex organs; secret; shadow
銘,N1,14,8,1394,メイ,,inscription; signature (of artisan)
随,N1,12,8,1396,ズイ,まにま.に; したが.う,follow; though; notwithstanding; while; during; both; all; obey; submit to; comply; at the mercy of (the waves)
烈,N1,10,8,1397,レツ,はげ.しい,ardent; violent; vehement; furious; severe; extreme
尋,N1,12,8,1398,ジン,たず.ねる; ひろ,inquire; fathom; look for
稿,N1,15,8,1400,コウ,わら; したがき,draft; copy; manuscript; straw
丹,N1,4,8,1402,タン,に,rust-colored; red; red lead; pills; sincerity
啓,N1,11,8,1403,ケイ,ひら.く; さと.す,disclose; open; say
也,N1,3,9,1404,ヤ; エ,なり; か; また,to be (classical)
丘,N1,5,8,1405,キュウ,おか,hill; knoll
棟,N1,12,8,1406,トウ,むね; むな-,ridgepole; ridge
壌,N1,16,8,1407,ジョウ,つち,lot; earth; soil
漫,N1,14,8,1408,マン,みだり.に; そぞ.ろ,cartoon; involuntarily; unrestrained; in spite of oneself; corrupt
玄,N1,5,8,1409,ゲン,くろ; くろ.い,mysterious; occultness; black; deep; profound
粘,N1,11,8,1410,ネン,ねば.る,sticky; glutinous; greasy; persevere
悟,N1,10,8,1411,ゴ,さと.る,enlightenment; perceive; discern; realize; understand
舗,N1,15,8,1412,ホ,,shop; store; pave
妊,N1,7,8,1413,ニン; ジン,はら.む; みごも.る,pregnancy
熟,N1,15,6,1415,ジュク,う.れる,mellow; ripen; mature; acquire skill
旭,N1,6,9,1417,キョク,あさひ,rising sun; morning sun
恩,N1,10,6,1418,オン,,grace; kindness; goodness; favor; mercy; blessing; benefit
騰,N1,20,8,1420,トウ,あが.る; のぼ.る,leaping up; jumping up; rising; advancing; going
往,N1,8,5,1421,オウ,い.く; いにしえ; さき.に; ゆ.く,journey; travel; chase away; let go; going; before; formerly
豆,N1,7,3,1422,トウ; ズ,まめ; まめ-,beans; pea; midget
遂,N1,12,8,1423,スイ,と.げる; つい.に,consummate; accomplish; attain; commit (suicide)
狂,N1,7,8,1425,キョウ,くる.う; くる.おしい; くるお.しい,lunatic; insane; crazy; confuse
岐,N1,7,4,1428,キ; ギ,,branch off; fork in road; scene; arena; theater
陛,N1,10,6,1429,ヘイ,,highness; steps (of throne)
緯,N1,16,8,1430,イ,よこいと; ぬき,horizontal; woof; left & right; (parallels of) latitude; prediction
培,N1,11,8,1431,バイ,つちか.う,cultivate; foster
衰,N1,10,8,1432,スイ,おとろ.える,decline; wane; weaken
艇,N1,13,8,1433,テイ,,rowboat; small boat
屈,N1,8,8,1434,クツ,かが.む; かが.める,yield; bend; flinch; submit
径,N1,8,4,1435,ケイ,みち; こみち; さしわたし; ただちに,diameter; path; method
淡,N1,11,8,1436,タン,あわ.い,thin; faint; pale; fleeting
抽,N1,8,8,1437,チュウ,ひき-,pluck; pull; extract; excel
披,N1,8,8,1438,ヒ,,expose; open
廷,N1,7,8,1439,テイ,,courts; imperial court; government office
錦,N1,16,8,1440,キン,にしき,brocade; fine dress; honors
准,N1,10,8,1441,ジュン,,quasi-; semi-; associate
暑,N1,12,3,1442,ショ,あつ.い,sultry; hot; summer heat
磯,N1,17,9,1444,キ,いそ,seashore; beach
奨,N1,13,8,1445,ショウ; ソウ,すす.める,exhort; urge; encourage
浸,N1,10,8,1447,シン,ひた.す; ひた.る; つ.かる,immersed; soak; dip; steep; moisten; wet; dunk
剰,N1,11,8,1448,ジョウ,あまつさえ; あま.り; あま.る,surplus; besides
胆,N1,9,8,1449,タン,きも,gall bladder; courage; pluck; nerve
繊,N1,17,8,1451,セン,,slender; fine; thin kimono
駒,N1,15,8,1452,ク,こま,pony; horse; colt
虚,N1,11,8,1454,キョ; コ,むな.しい; うつ.ろ,void; emptiness; unpreparedness; crack; fissure; untruth
霊,N1,15,8,1458,レイ; リョウ,たま,spirits; soul
帳,N1,11,3,1459,チョウ,とばり,notebook; account book; album; curtain; veil; net; tent
悔,N1,9,8,1460,カイ,く.いる; く.やむ; くや.しい,repent; regret
諭,N1,16,8,1461,ユ,さと.す,rebuke; admonish; charge; warn; persuade
惨,N1,11,8,1463,サン; ザン,みじ.め; いた.む; むご.い,wretched; disaster; cruelty; harsh
虐,N1,9,8,1464,ギャク,しいた.げる,tyrannize; oppress
翻,N1,18,8,1465,ホン; ハン,ひるがえ.る; ひるがえ.す,flip; turn over; wave; flutter; change (mind)
墜,N1,15,8,1466,ツイ,お.ちる; お.つ,crash; fall (down)
沼,N1,8,8,1467,ショウ,ぬま,marsh; lake; bog; swamp; pond
据,N1,11,8,1468,キョ,す.える; す.わる,set; lay a foundation; install; equip; squat down; sit down
肥,N1,8,5,1469,ヒ,こ.える; こえ; こ.やす; こ.やし; ふと.る,fertilizer; get fat; fertile; manure; pamper
徐,N1,10,8,1470,ジョ,おもむ.ろに,gradually; slowly; deliberately; gently
糖,N1,16,6,1471,トウ,,sugar
搭,N1,12,8,1472,トウ,,board; load (a vehicle); ride
盾,N1,9,8,1476,ジュン,たて,shield; escutcheon; pretext
脈,N1,10,5,1477,ミャク,すじ,vein; pulse; hope
滝,N1,13,8,1478,ロウ; ソウ,たき,waterfall; rapids; cascade
軌,N1,9,8,1480,キ,,rut; wheel; track; model; way of doing
俵,N1,10,6,1481,ヒョウ,たわら,bag; bale; sack; counter for bags
妨,N1,7,8,1482,ボウ,さまた.げる,disturb; prevent; hamper; obstruct
擦,N1,17,8,1485,サツ,す.る; す.れる; -ず.れ; こす.る; こす.れる,grate; rub; scratch; scrape; chafe; scour
鯨,N1,19,8,1486,ゲイ,くじら,whale
荘,N1,9,8,1489,ソウ; ショウ; チャン,ほうき; おごそ.か,villa; inn; cottage; feudal manor; solemn; dignified
諾,N1,15,8,1490,ダク,,consent; assent; agreement
雷,N1,13,8,1491,ライ,かみなり; いかずち; いかづち,thunder; lightning bolt
漂,N1,14,8,1492,ヒョウ,ただよ.う,drift; float (on liquid)
懐,N1,16,8,1493,カイ; エ,ふところ; なつ.かしい; なつ.かしむ; なつ.く; なつ.ける; なず.ける; いだ.く; おも.う,feelings; heart; yearn; miss someone; become attached to; bosom; breast; pocket
勘,N1,11,8,1494,カン,,intuition; perception; check; compare; sixth sense
栽,N1,10,8,1496,サイ,,plantation; planting
拐,N1,8,8,1498,カイ,,kidnap; falsify
駄,N1,14,8,1500,ダ; タ,,burdensome; pack horse; horse load; send by horse; trivial; worthless
添,N1,11,8,1501,テン,そ.える; そ.う,annexed; accompany; marry; suit; meet; satisfy; attach; append; garnish; imitate
冠,N1,9,8,1503,カン,かんむり,crown; best; peerless
斜,N1,11,8,1504,シャ,なな.め; はす,diagonal; slanting; oblique
鏡,N1,19,4,1506,キョウ; ケイ,かがみ,mirror; speculum; barrel-head; round rice-cake offering
聡,N1,14,9,1507,ソウ,さと.い; みみざと.い,wise; fast learner
浪,N1,10,8,1508,ロウ,,wandering; waves; billows; reckless; unrestrained
亜,N1,7,8,1509,ア,つ.ぐ,Asia; rank next; come after; -ous
覧,N1,17,6,1510,ラン,み.る,perusal; see
詐,N1,12,8,1511,サ,いつわ.る,lie; falsehood; deceive; pretend
壇,N1,16,8,1512,ダン; タン,,podium; stage; rostrum; terrace
勲,N1,15,8,1513,クン,いさお,meritorious deed; merit
魔,N1,21,8,1514,マ,,witch; demon; evil spirit
酬,N1,13,8,1515,シュウ; シュ; トウ,むく.いる,repay; reward; retribution
紫,N1,12,8,1516,シ,むらさき,purple; violet
曙,N1,17,9,1518,ショ,あけぼの,dawn; daybreak
紋,N1,10,8,1519,モン,,family crest; figures
卸,N1,9,8,1520,シャ,おろ.す; おろし; おろ.し,wholesale
奮,N1,16,6,1521,フン,ふる.う,stirred up; be invigorated; flourish
欄,N1,20,8,1523,ラン,てすり,column; handrail; blank; space
逸,N1,11,8,1524,イツ,そ.れる; そ.らす; はぐ.れる,deviate; idleness; leisure; miss the mark; evade; elude; parry; diverge
涯,N1,11,8,1525,ガイ,はて,horizon; shore; limit; bound
拓,N1,8,8,1526,タク,ひら.く,clear (the land); open; break up (land)
眼,N1,11,5,1527,ガン; ゲン,まなこ; め,eyeball
獄,N1,14,8,1529,ゴク,,prison; jail
尚,N1,8,8,1531,ショウ,なお,esteem; furthermore; still; yet
彫,N1,11,8,1533,チョウ,ほ.る; -ぼ.り,carve; engrave; chisel
穏,N1,16,8,1535,オン,おだ.やか,calm; quiet; moderation
顕,N1,18,8,1536,ケン,あきらか; あらわ.れる,appear; existing
巧,N1,5,8,1537,コウ,たく.み; たく.む; うま.い,adroit; skilled; ingenuity
矛,N1,5,8,1538,ム; ボウ,ほこ,halberd; arms; festival float
垣,N1,9,8,1539,エン,かき,hedge; fence; wall
欺,N1,12,8,1541,ギ,あざむ.く,deceit; cheat; delude
釣,N1,11,8,1542,チョウ,つ.る; つ.り; つ.り-,angling; fish; catch; allure; ensnare
萩,N1,12,9,1544,シュウ,はぎ,bush clover
粛,N1,11,8,1549,シュク; スク,つつし.む,solemn; quietly; softly
栗,N1,10,9,1550,リツ; リ,くり; おののく,chestnut
愚,N1,13,8,1551,グ,おろ.か,foolish; folly; absurdity; stupid
嘉,N1,14,9,1553,カ,よみ.する; よい,applaud; praise; esteem; happy; auspicious
遭,N1,14,8,1554,ソウ,あ.う; あ.わせる,encounter; meet; party; association; interview; join
架,N1,9,8,1555,カ,か.ける; か.かる,erect; frame; mount; support; shelf; construct
鬼,N1,10,8,1557,キ,おに; おに-,ghost; devil
庶,N1,11,8,1558,ショ,,commoner; all; bastard
稚,N1,13,8,1560,チ; ジ,いとけない; おさない; おくて; おでる,immature; young
滋,N1,12,4,1563,ジ; シ,,nourishing; more & more; be luxuriant; planting; turbidity
幻,N1,4,8,1564,ゲン,まぼろし,phantasm; vision; dream; illusion; apparition
煮,N1,12,8,1565,シャ,に.る; -に; に.える; に.やす,boil; cook
姫,N1,10,8,1566,キ,ひめ; ひめ-,princess
誓,N1,14,8,1567,セイ,ちか.う,vow; swear; pledge
把,N1,7,8,1569,ハ; ワ,,grasp; faggot; bunch; counter for bundles
践,N1,13,8,1570,セン,ふ.む,tread; step on; trample; practice; carry through
呈,N1,7,8,1571,テイ,,display; offer; present; send; exhibit
疎,N1,12,8,1572,ソ; ショ,うと.い; うと.む; まば.ら,alienate; rough; neglect; shun; sparse; penetrate
仰,N1,6,8,1573,ギョウ; コウ,あお.ぐ; おお.せ; お.っしゃる; おっしゃ.る,face-up; look up; depend; seek; respect; revere; drink; take
剛,N1,10,8,1576,ゴウ,,sturdy; strength
疾,N1,10,8,1577,シツ,はや.い,rapidly
征,N1,8,8,1578,セイ,,subjugate; attack the rebellious; collect taxes
砕,N1,9,8,1579,サイ,くだ.く; くだ.ける,smash; break; crush; familiar; popular
謡,N1,16,8,1580,ヨウ,うた.い; うた.う,song; sing; ballad; noh chanting
嫁,N1,13,8,1581,カ,よめ; とつ.ぐ; い.く; ゆ.く,marry into; bride
謙,N1,17,8,1582,ケン,へりくだ.る,self-effacing; humble oneself; condescend; be modest
后,N1,6,6,1583,コウ; ゴ,きさき,empress; queen; after; behind; back; later
嘆,N1,13,8,1584,タン,なげ.く; なげ.かわしい,sigh; lament; moan; grieve; sigh of admiration
菌,N1,11,8,1586,キン,,germ; fungus; bacteria
鎌,N1,18,8,1587,レン; ケン,かま,sickle; scythe; trick
巣,N1,11,4,1588,ソウ,す; す.くう,nest; rookery; hive; cobweb; den
頻,N1,17,8,1590,ヒン,しき.りに,repeatedly; recur
琴,N1,12,8,1591,キン; ゴン,こと,harp; koto
班,N1,10,6,1592,ハン,,squad; corps; unit; group
棚,N1,12,8,1594,ホウ,たな; -だな,shelf; ledge; rack; mount; mantle; trellis
潔,N1,15,5,1595,ケツ,いさぎよ.い,undefiled; pure; clean; righteous; gallant
酷,N1,14,8,1596,コク,ひど.い,cruel; severe; atrocious; unjust
宰,N1,10,8,1597,サイ,,superintend; manager; rule
廊,N1,12,8,1598,ロウ,,corridor; hall; tower
寂,N1,11,8,1599,ジャク; セキ,さび; さび.しい; さび.れる; さみ.しい,loneliness; quietly; mellow; mature; death of a priest
辰,N1,7,9,1600,シン; ジン,たつ,sign of the dragon; 7-9AM; fifth sign of Chinese zodiac; shin dragon radical (no. 161)
霞,N1,17,9,1603,カ; ゲ,かすみ; かす.む,be hazy; grow dim; blurred
伏,N1,6,8,1604,フク,ふ.せる; ふ.す,prostrated; bend down; bow; cover; lay (pipes)
碁,N1,13,8,1609,ゴ,,Go
俗,N1,9,8,1610,ゾク,,vulgar; customs; manners; worldliness; mundane things
漠,N1,13,8,1611,バク,,vague; obscure; desert; wide
邪,N1,8,8,1612,ジャ,よこし.ま,wicked; injustice; wrong
晶,N1,12,8,1613,ショウ,,sparkle; clear; crystal
墨,N1,14,8,1616,ボク,すみ,black ink; India ink; ink stick; Mexico
鎮,N1,18,8,1617,チン,しず.める; しず.まる; おさえ,tranquilize; ancient peace-preservation centers
洞,N1,9,8,1618,ドウ,ほら,den; cave; excavation
履,N1,15,8,1619,リ,は.く,perform; complete; footgear; shoes; boots; put on (the feet)
劣,N1,6,8,1620,レツ,おと.る,inferiority; be inferior to; be worse
那,N1,7,8,1621,ナ; ダ,なに; なんぞ; いかん,what?
殴,N1,8,8,1622,オウ,なぐ.る,assault; hit; beat; thrash
娠,N1,10,8,1623,シン,,with child; pregnancy
奉,N1,8,8,1624,ホウ; ブ,たてまつ.る; まつ.る; ほう.ずる,observance; offer; present; dedicate
憂,N1,15,8,1625,ユウ,うれ.える; うれ.い; う.い; う.き,melancholy; grieve; lament; be anxious; sad; unhappy
朴,N1,6,8,1626,ボク,ほう; ほお; えのき,crude; simple; plain; docile
亭,N1,9,8,1627,テイ; チン,,pavilion; restaurant; mansion; arbor; cottage; vaudeville; music hall; stage name
淳,N1,11,9,1629,ジュン; シュン,あつ.い,pure
怪,N1,8,8,1634,カイ; ケ,あや.しい; あや.しむ,suspicious; mystery; apparition
鳩,N1,13,9,1637,キュウ; ク,はと; あつ.める,pigeon; dove
酔,N1,11,8,1640,スイ,よ.う; よ.い; よ,drunk; feel sick; poisoned; elated; spellbound
惜,N1,11,8,1641,セキ,お.しい; お.しむ,pity; be sparing of; frugal; stingy; regret
穫,N1,18,8,1642,カク,,harvest; reap
佳,N1,8,8,1643,カ,,excellent; beautiful; good; pleasing; skilled
潤,N1,15,8,1644,ジュン,うるお.う; うるお.す; うる.む,wet; be watered; profit by; receive benefits; favor; charm; steep
悼,N1,11,8,1645,トウ,いた.む,lament; grieve over
乏,N1,4,8,1646,ボウ,とぼ.しい; とも.しい,destitution; scarce; limited
該,N1,13,8,1648,ガイ,,above-stated; the said; that specific
赴,N1,9,8,1649,フ,おもむ.く,proceed; get; become; tend
桑,N1,10,8,1650,ソウ,くわ,mulberry
桂,N1,10,9,1651,ケイ,かつら,Japanese Judas-tree; cinnamon tree
髄,N1,19,8,1652,ズイ,,marrow; pith; essence
虎,N1,8,8,1653,コ,とら,tiger; drunkard
盆,N1,9,8,1654,ボン,,basin; lantern festival; tray
晋,N1,10,9,1655,シン,すす.む,advance
穂,N1,15,8,1656,スイ,ほ,ear; ear (grain); head; crest (wave)
壮,N1,6,8,1657,ソウ,さかん,robust; manhood; prosperity
堤,N1,12,8,1658,テイ,つつみ,dike; bank; embankment
飢,N1,10,8,1659,キ,う.える,hungry; starve
傍,N1,12,8,1660,ボウ,かたわ.ら; わき; おか-; はた; そば,bystander; side; besides; while; nearby; third person
疫,N1,9,8,1661,エキ; ヤク,,epidemic
累,N1,11,8,1662,ルイ,,accumulate; involvement; trouble; tie up; continually
痴,N1,13,8,1663,チ,し.れる; おろか,stupid; foolish
搬,N1,13,8,1664,ハン,,conveyor; carry; transport
晃,N1,10,9,1666,コウ,あきらか,clear
癒,N1,18,8,1667,ユ,い.える; いや.す; い.やす,healing; cure; quench (thirst); wreak
桐,N1,10,9,1668,トウ; ドウ,きり,paulownia
寸,N1,3,6,1669,スン,,measurement; tenth of a shaku; a little; small
郭,N1,11,8,1670,カク,くるわ,enclosure; quarters; fortification; red-light district
尿,N1,7,8,1672,ニョウ,ゆばり; いばり; しと,urine
凶,N1,4,8,1673,キョウ,,villain; evil; bad luck; disaster
吐,N1,6,8,1674,ト,は.く; つ.く,spit; vomit; belch; confess; tell (lies)
宴,N1,10,8,1675,エン,うたげ,banquet; feast; party
鷹,N1,24,9,1676,ヨウ; オウ,たか,hawk
賓,N1,15,8,1677,ヒン,まろうど; したがう,V.I.P.; guest
虜,N1,13,8,1678,リョ; ロ,とりこ; とりく,captive; barbarian; low epithet for the enemy
陶,N1,11,8,1680,トウ,すえ,pottery; porcelain
鐘,N1,20,8,1681,ショウ,かね,bell; gong; chimes
憾,N1,16,8,1682,カン,うら.む,remorse; regret; be sorry
猪,N1,11,9,1684,チョ,い; いのしし,boar
紘,N1,10,9,1685,コウ,おおづな; つな; つなぐ,large
磁,N1,14,6,1686,ジ,,magnet; porcelain
弥,N1,8,8,1687,ミ; ビ,や; いや; いよ.いよ; わた.る,all the more; increasingly
昆,N1,8,8,1688,コン,,descendants; elder brother; insect
粗,N1,11,8,1689,ソ,あら.い; あら-,coarse; rough; rugged
訂,N1,9,8,1690,テイ,ただ.す,revise; correct; decide
芽,N1,8,4,1691,ガ,め,bud; sprout; spear; germ
庄,N1,6,9,1693,ショウ; ソ; ソウ; ホウ,,level; in the country; manor; village; hamlet
傘,N1,12,8,1694,サン,かさ,umbrella
敦,N1,12,9,1695,トン; タイ; ダン; チョウ,あつ.い,industry; kindliness
騎,N1,18,8,1696,キ,,equestrian; riding on horses; counter for equestrians
寧,N1,14,8,1697,ネイ,むし.ろ,rather; preferably; peaceful; quiet; tranquility
循,N1,12,8,1699,ジュン,,sequential; follow
忍,N1,7,8,1700,ニン,しの.ぶ; しの.ばせる,endure; bear; put up with; conceal; secrete; spy; sneak
怠,N1,9,8,1703,タイ,おこた.る; なま.ける,neglect; laziness
如,N1,6,8,1704,ジョ; ニョ,ごと.し,likeness; like; such as; as if; better; best; equal
寮,N1,15,8,1705,リョウ,,dormitory; hostel; villa; tea pavillion
祐,N1,9,9,1706,ユウ; ウ,たす.ける,help
鵬,N1,19,9,1707,ホウ,おおとり,phoenix
鉛,N1,13,8,1710,エン,なまり,lead
珠,N1,10,8,1711,シュ,たま,pearl; gem; jewel
凝,N1,16,8,1712,ギョウ,こ.る; こ.らす; こご.らす; こご.らせる; こご.る,congeal; freeze; stiff; be absorbed in
苗,N1,8,8,1713,ビョウ; ミョウ,なえ; なわ-,seedling; sapling; shoot
獣,N1,16,8,1714,ジュウ,けもの; けだもの,animal; beast
哀,N1,9,8,1715,アイ,あわ.れ; あわ.れむ; かな.しい,pathetic; grief; sorrow; pathos; pity; sympathize
跳,N1,13,8,1716,チョウ,は.ねる; と.ぶ; -と.び,hop; leap up; spring; jerk; prance; buck; splash; sputter; snap
匠,N1,6,8,1718,ショウ,たくみ,artisan; workman; carpenter
垂,N1,8,6,1720,スイ,た.れる; た.らす; た.れ; -た.れ; なんなんと.す,droop; suspend; hang; slouch
蛇,N1,11,8,1721,ジャ; ダ; イ; ヤ,へび,snake; serpent; hard drinker
澄,N1,15,8,1722,チョウ,す.む; す.ます; -す.ます,lucidity; be clear; clear; clarify; settle; strain; look grave
縫,N1,16,8,1723,ホウ,ぬ.う,sew; stitch; embroider
僧,N1,13,8,1724,ソウ,,Buddhist priest; monk
眺,N1,11,8,1726,チョウ,なが.める,stare; watch; look at; see; scrutinize
亘,N1,6,9,1728,コウ; カン; セン,わた.る; もと.める,span; range; extend over
呉,N1,7,8,1729,ゴ,く.れる; くれ,give; do something for; kingdom of Wu
凡,N1,3,8,1730,ボン; ハン,およ.そ; おうよ.そ; すべ.て,commonplace; ordinary; mediocre
憩,N1,16,8,1731,ケイ,いこ.い; いこ.う,recess; rest; relax; repose
媛,N1,12,4,1735,エン,ひめ,beautiful woman; princess
溝,N1,13,8,1736,コウ,みぞ,gutter; ditch; sewer; drain; 10**32
恭,N1,10,8,1737,キョウ,うやうや.しい,respect; reverent
刈,N1,4,8,1738,ガイ; カイ,か.る,reap; cut; clip; trim; prune
睡,N1,13,8,1739,スイ,ねむ.る; ねむ.い,drowsy; sleep; die
錯,N1,16,8,1740,サク; シャク,,confused; mix; be in disorder
伯,N1,7,8,1741,ハク,,chief; count; earl; uncle; Brazil
笹,N1,11,9,1743,,ささ,bamboo grass; (kokuji)
穀,N1,14,6,1744,コク,,cereals; grain
陵,N1,11,8,1746,リョウ,みささぎ,mausoleum; imperial tomb; mound; hill
霧,N1,19,8,1747,ム; ボウ; ブ,きり,fog; mist
魂,N1,14,8,1748,コン,たましい; たま,soul; spirit
弊,N1,15,8,1750,ヘイ,,abuse; evil; vice; breakage
妃,N1,6,8,1752,ヒ,きさき,queen; princess
舶,N1,11,8,1753,ハク,,liner; ship
餓,N1,15,8,1754,ガ,う.える,starve; hungry; thirst
窮,N1,15,8,1756,キュウ; キョウ,きわ.める; きわ.まる; きわ.まり; きわ.み,hard up; destitute; suffer; perplexed; cornered
掌,N1,12,8,1757,ショウ,てのひら; たなごころ,palm of hand; rule; administer; conduct
麗,N1,19,8,1758,レイ,うるわ.しい; うら.らか,lovely; beautiful; graceful; resplendent
綾,N1,14,9,1759,リン,あや,design; figured cloth; twill
臭,N1,9,8,1760,シュウ,くさ.い; -くさ.い; にお.う; にお.い,stinking; ill-smelling; suspicious looking; odor; savor; fragrance; be fragrant; stink; glow; be bright
悦,N1,10,8,1762,エツ,よろこ.ぶ; よろこ.ばす,ecstasy; joy; rapture
刃,N1,3,8,1763,ジン; ニン,は; やいば; き.る,blade; sword; edge
縛,N1,16,8,1764,バク,しば.る,truss; arrest; bind; tie; restrain
暦,N1,14,8,1765,レキ; リャク,こよみ,calendar; almanac
宜,N1,8,8,1766,ギ,よろ.しい; よろ.しく,best regards; good
盲,N1,8,8,1767,モウ,めくら,blind; blind man; ignoramus
粋,N1,10,8,1768,スイ,いき,chic; style; purity; essence; pith; cream; elite; choice
辱,N1,10,8,1769,ジョク,はずかし.める,embarrass; humiliate; shame
毅,N1,15,9,1770,キ; ギ,つよ.い,strong
轄,N1,17,8,1771,カツ,くさび,control; wedge
猿,N1,13,8,1772,エン,さる,monkey
弦,N1,8,8,1773,ゲン,つる,bowstring; chord; hypotenuse
稔,N1,13,9,1775,ネン; ジン; ニン,みの.る; みのり,harvest; ripen
窒,N1,11,8,1776,チツ,,plug up; obstruct
炊,N1,8,8,1777,スイ,た.く; -だ.き,cook; boil
洪,N1,9,8,1778,コウ,,deluge; flood; vast
摂,N1,13,8,1779,セツ; ショウ,おさ.める; かね.る; と.る,vicarious; surrogate; act in addition to; take in; absorb
飽,N1,13,8,1780,ホウ,あ.きる; あ.かす; あ.く,sated; tired of; bored; satiate
冗,N1,4,8,1782,ジョウ,,superfluous; uselessness
桃,N1,10,8,1784,トウ,もも,peach
狩,N1,9,8,1785,シュ,か.る; か.り; -が.り,hunt; raid; gather
朱,N1,6,8,1788,シュ,あけ,vermilion; cinnabar; scarlet; red; bloody
渦,N1,12,8,1789,カ,うず,whirlpool; eddy; vortex
紳,N1,11,8,1790,シン,,sire; good belt; gentleman
枢,N1,8,8,1791,スウ; シュ,とぼそ; からくり,hinge; pivot; door; center of things
碑,N1,14,8,1792,ヒ,いしぶみ,tombstone; monument
鍛,N1,17,8,1793,タン,きた.える,forge; discipline; train
刀,N1,2,2,1794,トウ,かたな; そり,sword; saber; knife
鼓,N1,13,8,1795,コ,つづみ,drum; beat; rouse; muster
裸,N1,13,8,1796,ラ,はだか,naked; nude; uncovered; partially clothed
猶,N1,12,8,1799,ユウ; ユ,なお,furthermore; still; yet
塊,N1,13,8,1800,カイ; ケ,かたまり; つちくれ,clod; lump; chunk; clot; mass
旋,N1,11,8,1801,セン,め.ぐる; いばり,rotation; go around
弓,N1,3,2,1802,キュウ,ゆみ,"bow; bow (archery, violin)"
幣,N1,15,8,1803,ヘイ,ぬさ,cash; bad habit; humble prefix; gift; Shinto offerings of cloth; rope; cut paper
膜,N1,14,8,1804,マク,,membrane
扇,N1,10,8,1805,セン,おうぎ,fan; folding fan
腸,N1,13,6,1807,チョウ,はらわた; わた,intestines; guts; bowels; viscera
槽,N1,15,8,1809,ソウ,ふね,vat; tub; tank
慈,N1,13,8,1811,ジ,いつく.しむ,mercy
楊,N1,13,9,1815,ヨウ,やなぎ,willow
伐,N1,6,8,1816,バツ; ハツ; カ; ボチ,き.る; そむ.く; う.つ,fell; strike; attack; punish
駿,N1,17,9,1817,シュン; スン,すぐ.れる,a good horse; speed; a fast person
漬,N1,14,8,1818,シ,つ.ける; つ.かる; -づ.け; -づけ,pickling; soak; moisten; steep
糾,N1,9,8,1820,キュウ,ただ.す,twist; ask; investigate; verify
亮,N1,9,9,1821,リョウ,あきらか,clear; help
墳,N1,15,8,1822,フン,,tomb; mound
坪,N1,8,8,1823,ヘイ,つぼ,two-mat area; approx. thirty-six sq ft
紺,N1,11,8,1825,コン,,dark blue; navy
娯,N1,10,8,1827,ゴ,,recreation; pleasure
椿,N1,13,9,1829,チン; チュン,つばき,camellia
舌,N1,6,6,1830,ゼツ,した,tongue; reed; clapper
羅,N1,19,8,1831,ラ,うすもの,gauze; thin silk; Rome; arrange; spread out
峡,N1,9,8,1833,キョウ; コウ,はざま,gorge; ravine
俸,N1,10,8,1834,ホウ,,stipend; salary
厘,N1,9,8,1835,リン,,rin; 1/10 sen; 1/10 bu
峰,N1,10,8,1836,ホウ,みね; ね,summit; peak
圭,N1,6,9,1837,ケイ; ケ,,square jewel; corner; angle; edge
醸,N1,20,8,1838,ジョウ,かも.す,brew; cause
蓮,N1,13,9,1839,レン,はす; はちす,lotus
弔,N1,4,8,1840,チョウ,とむら.う; とぶら.う,condolences; mourning; funeral
乙,N1,1,8,1841,オツ; イツ,おと-; きのと,the latter; duplicate; strange; witty; fishhook radical (no. 5)
汁,N1,5,8,1843,ジュウ,しる; -しる; つゆ,soup; juice; broth; sap; gravy; pus
尼,N1,5,8,1844,ニ,あま,nun
遍,N1,12,8,1845,ヘン,あまね.く,everywhere; times; widely; generally
衡,N1,16,8,1847,コウ,,equilibrium; measuring rod; scale
薫,N1,16,8,1849,クン,かお.る,send forth fragrance; fragrant; be scented; smoke (tobacco)
猟,N1,11,8,1851,リョウ,かり; か.る,game-hunting; shooting; game; bag
羊,N1,6,3,1852,ヨウ,ひつじ,sheep
款,N1,12,8,1854,カン,,goodwill; article; section; friendship; collusion
閲,N1,15,8,1855,エツ,けみ.する,review; inspection; revision
偵,N1,11,8,1857,テイ,,spy
喝,N1,11,8,1858,カツ,,hoarse; scold
敢,N1,12,8,1859,カン,あ.えて; あ.えない; あ.えず,daring; brave; bold; sad; tragic; pitiful
胎,N1,9,8,1861,タイ,,womb; uterus
酵,N1,14,8,1862,コウ,,fermentation
憤,N1,15,8,1863,フン,いきどお.る,aroused; resent; be indignant; anger
豚,N1,11,8,1864,トン,ぶた,pork; pig
遮,N1,14,8,1865,シャ,さえぎ.る,intercept; interrupt; obstruct
扉,N1,12,8,1866,ヒ,とびら,front door; title page; front page
硫,N1,12,8,1867,リュウ,,sulphur
赦,N1,11,8,1868,シャ,ゆる.す,pardon; forgiveness
窃,N1,9,8,1871,セツ,ぬす.む; ひそ.か,stealth; steal; secret; private; hushed
泡,N1,8,8,1872,ホウ,あわ,bubbles; foam; suds; froth
瑞,N1,13,9,1873,ズイ; スイ,みず-; しるし,congratulations
又,N1,2,8,1874,ユウ,また; また-; また.の-,or again; furthermore; on the other hand
慨,N1,13,8,1875,ガイ,なげ.く,rue; be sad; sigh; lament
紡,N1,10,8,1876,ボウ,つむ.ぐ,spinning
恨,N1,9,8,1877,コン,うら.む; うら.めしい,regret; bear a grudge; resentment; malice; hatred
肪,N1,8,8,1878,ボウ,,obese; fat
扶,N1,7,8,1879,フ,たす.ける,aid; help; assist
戯,N1,15,8,1880,ギ; ゲ,たわむ.れる; ざ.れる; じゃ.れる,frolic; play; sport
伍,N1,6,9,1881,ゴ,いつつ,five; five-man squad; file; line
忌,N1,7,8,1882,キ,い.む; い.み; い.まわしい,mourning; abhor; detestable; death anniversary
濁,N1,16,8,1883,ダク; ジョク,にご.る; にご.す,voiced; uncleanness; wrong; nigori; impurity
奔,N1,8,8,1884,ホン,はし.る,run; bustle
斗,N1,4,8,1885,ト; トウ,,Big Dipper; ten sho (vol); sake dipper; dots and cross radical (no. 68)
蘭,N1,19,9,1886,ラン; ラ,,orchid; Holland
迅,N1,6,8,1888,ジン,,swift; fast
肖,N1,7,8,1889,ショウ,あやか.る,resemblance
鉢,N1,13,8,1890,ハチ; ハツ,,bowl; rice tub; pot; crown
朽,N1,6,8,1891,キュウ,く.ちる,decay; rot; remain in seclusion
殻,N1,11,8,1892,カク; コク; バイ,から; がら,husk; nut shell
享,N1,8,8,1893,キョウ; コウ,う.ける,enjoy; receive; undergo; answer (phone); take; get; catch
秦,N1,10,9,1894,シン,はた,Manchu dynasty; name given to naturalized foreigners
茅,N1,8,9,1895,ボウ; ミョウ,かや; ちがや,miscanthus reed
藩,N1,18,8,1896,ハン,,clan; enclosure
沙,N1,7,8,1897,サ; シャ,すな; よなげる,sand
輔,N1,14,9,1898,ホ; フ,たす.ける,help
媒,N1,12,8,1900,バイ,なこうど,mediator; go-between
鶏,N1,19,8,1901,ケイ,にわとり; とり,chicken
禅,N1,13,8,1902,ゼン; セン,しずか; ゆず.る,Zen; silent meditation
嘱,N1,15,8,1903,ショク,しょく.する; たの.む,entrust; request; send a message
胴,N1,10,8,1904,ドウ,,trunk; torso; hull (ship); hub of wheel
迭,N1,8,8,1907,テツ,,transfer; alternation
挿,N1,10,8,1908,ソウ,さ.す; はさ.む,insert; put in; graft; wear (sword)
嵐,N1,12,8,1910,ラン,あらし,storm; tempest
椎,N1,12,8,1911,ツイ; スイ,つち; う.つ,chinquapin; mallet; spine
絹,N1,13,6,1916,ケン,きぬ,silk
陪,N1,11,8,1917,バイ,,obeisance; follow; accompany; attend on
剖,N1,10,8,1918,ボウ,,divide
譜,N1,19,8,1919,フ,,musical score; music; note; staff; table; genealogy
郁,N1,9,9,1920,イク,,cultural progress; perfume
悠,N1,11,8,1921,ユウ,,permanence; distant; long time; leisure
淑,N1,11,8,1922,シュク,しと.やか,graceful; gentle; pure
帆,N1,6,8,1923,ハン,ほ,sail
暁,N1,12,8,1924,ギョウ; キョウ,あかつき; さと.る,daybreak; dawn; in the event
傑,N1,13,8,1926,ケツ,すぐ.れる,greatness; excellence
楠,N1,13,9,1927,ナン; ダン; ゼン; ネン,くす; くすのき,camphor tree
笛,N1,11,3,1928,テキ,ふえ,flute; clarinet; pipe; whistle; bagpipe; piccolo
玲,N1,9,9,1931,レイ,,sound of jewels
奴,N1,5,8,1932,ド,やつ; やっこ,guy; slave; manservant; fellow
錠,N1,16,8,1934,ジョウ,,lock; fetters; shackles
拳,N1,10,8,1935,ケン; ゲン,こぶし,fist
翔,N1,12,9,1936,ショウ,かけ.る; と.ぶ,soar; fly
遷,N1,15,8,1937,セン,うつ.る; うつ.す; みやこがえ,transition; move; change
拙,N1,8,8,1938,セツ,つたな.い,bungling; clumsy; unskillful
侍,N1,8,8,1939,ジ; シ,さむらい; はべ.る,waiter; samurai; wait upon; serve
尺,N1,4,6,1940,シャク; セキ,さし,shaku; Japanese foot; measure; scale; rule
峠,N1,9,8,1941,,とうげ,mountain peak; mountain pass; climax; crest; (kokuji)
篤,N1,16,8,1942,トク,あつ.い,fervent; kind; cordial; serious; deliberate
肇,N1,14,9,1943,チョウ; ジョウ; トウ,はじ.める; はじめ,beginning
渇,N1,11,8,1944,カツ,かわ.く,thirst; dry up; parch
叔,N1,8,8,1950,シュク,,uncle; youth
雌,N1,14,8,1951,シ,め-; めす; めん,feminine; female
亨,N1,7,9,1952,コウ; キョウ; ホウ,とお.る,pass through; go smoothly
堪,N1,12,8,1953,カン; タン,た.える; たま.る; こら.える; こた.える,withstand; endure; support; resist
叙,N1,9,8,1954,ジョ,つい.ず; ついで,confer; relate; narrate; describe
酢,N1,12,8,1955,サク,す,vinegar; sour; acid; tart
吟,N1,7,8,1956,ギン,,versify; singing; recital
逓,N1,10,8,1957,テイ,かわ.る; たがいに,relay; in turn; sending
嶺,N1,17,9,1959,レイ; リョウ,みね,peak; summit
甚,N1,9,8,1961,ジン,はなは.だ; はなは.だしい,tremendously; very; great; exceedingly
喬,N1,12,9,1962,キョウ,たか.い,high; boasting
崇,N1,11,8,1970,スウ,あが.める,adore; respect; revere; worship
漆,N1,14,8,1971,シツ,うるし,lacquer; varnish; seven
岬,N1,8,8,1972,コウ,みさき,headland; cape; spit; promontory
癖,N1,18,8,1973,ヘキ,くせ; くせ.に,mannerism; habit; vice; trait; fault; kink
愉,N1,12,8,1974,ユ,たの.しい; たの.しむ,pleasure; happy; rejoice
寅,N1,11,9,1975,イン,とら,sign of the tiger; 3-5AM; third sign of Chinese zodiac
礁,N1,17,8,1977,ショウ,,reef; sunken rock
乃,N1,2,9,1978,ナイ; ダイ; ノ; アイ,の; すなわ.ち; なんじ,from; possessive particle; whereupon; accordingly
洲,N1,9,9,1979,シュウ; ス,しま,continent; sandbar; island; country
屯,N1,4,8,1980,トン,たむろ,barracks; police station; camp; ton
樺,N1,14,9,1982,カ,かば; かんば,birch; dark red
槙,N1,14,9,1983,テン; シン,まき; こずえ,twig; ornamental evergreen
姻,N1,9,8,1985,イン,,matrimony; marry
巌,N1,20,9,1986,ガン,いわ; いわお; けわ.しい,rock; crag; boulder
擬,N1,17,8,1990,ギ,まが.い; もど.き,mimic; aim (a gun) at; nominate; imitate
塀,N1,12,8,1991,ヘイ; ベイ,,fence; wall; (kokuji)
唇,N1,10,8,1992,シン,くちびる,lips
睦,N1,13,8,1993,ボク; モク,むつ.まじい; むつ.む; むつ.ぶ,intimate; friendly; harmonious
閑,N1,12,8,1994,カン,,leisure
胡,N1,9,9,1995,ウ; コ; ゴ,なんぞ,barbarian; foreign
幽,N1,9,8,1996,ユウ,ふか.い; かす.か; くら.い; しろ.い,seclude; confine to a room; deep; profound; secluded; faint; dark; tranquil; calm
峻,N1,10,9,1997,シュン,けわ.しい; たか.い,high; steep
曹,N1,11,8,1998,ソウ; ゾウ,,office; official; comrade; fellow
詠,N1,12,8,2000,エイ,よ.む; うた.う,recitation; poem; song; composing
卑,N1,9,8,2003,ヒ,いや.しい; いや.しむ; いや.しめる,lowly; base; vile; vulgar; despise
侮,N1,8,8,2004,ブ,あなど.る; あなず.る,scorn; despise; make light of; contempt
鋳,N1,15,8,2005,チュウ; イ; シュ; シュウ,い.る,casting; mint
抹,N1,8,8,2006,マツ,,rub; paint; erase
尉,N1,11,8,2007,イ; ジョウ,,military officer; jailer; old man; rank
槻,N1,15,9,2008,キ,つき,Zelkova tree
隷,N1,16,8,2009,レイ,したが.う; しもべ,slave; servant; prisoner; criminal; follower
禍,N1,13,8,2010,カ,わざわい,calamity; misfortune; evil; curse
蝶,N1,15,9,2011,チョウ,,butterfly
酪,N1,13,8,2012,ラク,,dairy products; whey; broth; fruit juice
茎,N1,8,8,2013,ケイ; キョウ,くき,stalk; stem
帥,N1,9,8,2016,スイ,,commander; leading troops; governor
逝,N1,10,8,2018,セイ,ゆ.く; い.く,departed; die
汽,N1,7,2,2020,キ,,vapor; steam
琢,N1,11,9,2022,タク,みが.く,polish
匿,N1,10,8,2024,トク,かくま.う,hide; shelter; shield
襟,N1,18,8,2030,キン,えり,collar; neck; lapel; one's inner feelings
蛍,N1,11,8,2031,ケイ,ほたる,lightning-bug; firefly
蕉,N1,15,9,2033,ショウ,,banana; plantain
寡,N1,14,8,2035,カ,,widow; minority; few
琉,N1,11,9,2036,リュウ; ル,,precious stone; gem; lapis lazuli
痢,N1,12,8,2037,リ,,diarrhea
庸,N1,11,8,2038,ヨウ,,commonplace; ordinary; employment
朋,N1,8,9,2039,ホウ,とも,companion; friend
坑,N1,7,8,2040,コウ,,pit; hole
藍,N1,18,8,2043,ラン,あい,indigo
賊,N1,13,8,2045,ゾク,,burglar; rebel; traitor; robber
搾,N1,13,8,2046,サク,しぼ.る,squeeze
畔,N1,10,8,2049,ハン,あぜ; くろ; ほとり,paddy ridge; levee
遼,N1,15,9,2050,リョウ,,distant
唄,N1,10,8,2051,バイ,うた; うた.う,song; ballad
孔,N1,4,8,2052,コウ; ク,あな,cavity; hole; slit; very; great; exceedingly
橘,N1,16,9,2053,キツ,たちばな,mandarin orange
漱,N1,14,9,2054,ソウ; シュウ; ス,くちすす.ぐ; くちそそ.ぐ; うがい; すす.ぐ,gargle; rinse mouth
呂,N1,7,8,2055,ロ; リョ,せぼね,spine; backbone
拷,N1,9,8,2057,ゴウ,,torture; beat
嬢,N1,16,8,2059,ジョウ,むすめ,lass; girl; Miss; daughter
苑,N1,8,9,2060,エン; オン,その; う.つ,garden; farm; park
巽,N1,12,9,2061,ソン,たつみ,southeast
杜,N1,7,9,2062,ト; トウ; ズ,もり; ふさ.ぐ; やまなし,woods; grove
渓,N1,11,8,2063,ケイ,たに; たにがわ,mountain stream; valley
翁,N1,10,8,2064,オウ,おきな,venerable old man
廉,N1,13,8,2066,レン,,bargain; reason; charge; suspicion; point; account; purity; honest; low price; cheap; rested; contented; peaceful
謹,N1,17,8,2068,キン,つつし.む,discreet; reverently; humbly
瞳,N1,17,8,2069,ドウ; トウ,ひとみ,pupil (of eye)
湧,N1,12,8,2070,ユウ; ヨウ; ユ,わ.く,boil; ferment; seethe; uproar; breed
欣,N1,8,9,2071,キン; ゴン; コン,よろこ.ぶ; よろこ.び,take pleasure in; rejoice
窯,N1,15,8,2072,ヨウ,かま,kiln; oven; furnace
褒,N1,15,8,2073,ホウ,ほ.める,praise; extol
醜,N1,17,8,2074,シュウ,みにく.い; しこ,ugly; unclean; shame; bad looking
升,N1,4,8,2077,ショウ,ます,measuring box; 1.8 liter
殉,N1,10,8,2080,ジュン,,martyrdom; follow by resigning
煩,N1,13,8,2081,ハン; ボン,わずら.う; わずら.わす; うるさ.がる; うるさ.い,anxiety; trouble; worry; pain; ill; annoy; nuisance; irksome
巴,N1,4,9,2082,ハ,ともえ; うずまき,comma-design
禎,N1,13,9,2083,テイ,さいわ.い,happiness; blessed; good fortune; auspicious
劾,N1,8,8,2085,ガイ,,censure; criminal investigation
堕,N1,12,8,2087,ダ,お.ちる; くず.す; くず.れる,degenerate; descend to; lapse into
租,N1,10,8,2089,ソ,,tariff; crop tax; borrowing
稜,N1,13,9,2091,リョウ; ロウ,いつ; かど,angle; edge; corner; power; majesty
桟,N1,10,8,2093,サン; セン,かけはし,scaffold; cleat; frame; jetty; bolt (door)
倭,N1,10,9,2098,ワ; イ,やまと; したが.う,Yamato; ancient Japan
婿,N1,12,8,2099,セイ,むこ,bridegroom; son-in-law
慕,N1,14,8,2100,ボ,した.う,pining; yearn for; love dearly; adore
斐,N1,12,9,2103,ヒ; イ,,beautiful; patterned
罷,N1,15,8,2104,ヒ,まか.り-; や.める,quit; stop; leave; withdraw; go
矯,N1,17,8,2105,キョウ,た.める,rectify; straighten; correct; reform; cure; control; pretend; falsify
某,N1,9,8,2106,ボウ,それがし; なにがし,so-and-so; one; a certain; that person
囚,N1,5,8,2107,シュウ,とら.われる,captured; criminal; arrest; catch
魁,N1,14,9,2108,カイ,さきがけ; かしら,charging ahead of others
虹,N1,9,8,2110,コウ,にじ,rainbow
鴻,N1,17,9,2111,コウ; ゴウ,おおとり; ひしくい; おおがり,large bird; wild goose; large; great; powerful; prosperous
泌,N1,8,8,2112,ヒツ; ヒ,,ooze; flow; soak in; penetrate; secrete
於,N1,8,9,2113,オ; ヨ,おい.て; お.ける; ああ; より,at; in; on; as for
赳,N1,10,9,2114,キュウ,,strong and brave
漸,N1,14,8,2115,ゼン,ようや.く; やや; ようよ.う; すす.む,steadily; gradually advancing; finally; barely
蚊,N1,10,8,2121,ブン,か,mosquito
葵,N1,12,9,2122,キ,あおい,hollyhock
厄,N1,4,8,2123,ヤク,,unlucky; misfortune; bad luck; disaster
藻,N1,19,8,2124,ソウ,も,seaweed; duckweed
禄,N1,12,9,2126,ロク,さいわ.い; ふち,fief; allowance; pension; grant; happiness
孟,N1,8,9,2127,モウ; ボウ; ミョウ,かしら,chief; beginning
嫡,N1,14,8,2130,チャク; テキ,,legitimate wife; direct descent (non-bastard)
尭,N1,8,9,2136,ギョウ,たか.い,high; far
嚇,N1,17,8,2141,カク,おど.す,menacing; dignity; majesty; threaten
巳,N1,3,9,2142,シ,み,sign of the snake or serpent; 9-11AM; sixth sign of Chinese zodiac
凸,N1,5,8,2143,トツ,でこ,convex; beetle brow; uneven
暢,N1,14,9,2144,チョウ,のび.る,stretch
韻,N1,19,8,2148,イン,,rhyme; elegance; tone
霜,N1,17,8,2151,ソウ,しも,frost
硝,N1,12,8,2154,ショウ,,nitrate; saltpeter
勅,N1,9,8,2157,チョク,いまし.める; みことのり,imperial order
芹,N1,7,9,2158,キン,せり,parsley
杏,N1,7,9,2159,キョウ; アン; コウ,あんず,apricot
棺,N1,12,8,2161,カン,,coffin; casket
儒,N1,16,8,2162,ジュ,,Confucian
鳳,N1,14,9,2163,ホウ; フウ,,male mythical bird
馨,N1,20,9,2164,ケイ; キョウ,かお.る; かおり,fragrant; balmy; favourable
慧,N1,15,9,2168,ケイ; エ,さとい,wise
愁,N1,13,8,2171,シュウ,うれ.える; うれ.い,distress; grieve; lament; be anxious
楼,N1,13,8,2173,ロウ,たかどの,watchtower; lookout; high building
彬,N1,11,9,2174,ヒン; フン,うるわ.しい; あき.らか,refined; gentle
匡,N1,6,9,2176,キョウ; オウ,すく.う; ただ.す,correct; save; assist
眉,N1,9,8,2177,ビ; ミ,まゆ,eyebrow
欽,N1,12,9,2181,キン; コン,つつし.む,respect; revere; long for
薪,N1,16,8,2182,シン,たきぎ; まき,fuel; firewood; kindling
褐,N1,13,8,2186,カツ,,brown; woollen kimono
賜,N1,15,8,2190,シ,たまわ.る; たま.う; たも.う,grant; gift; boon; results
嵯,N1,13,9,2191,サ; シ,,steep; craggy; rugged
綜,N1,14,9,2194,ソウ,おさ.める; す.べる,rule; synthesize
繕,N1,18,8,2195,ゼン,つくろ.う,darning; repair; mend; trim; tidy up; adjust
栓,N1,10,8,2199,セン,,plug; bolt; cork; bung; stopper
翠,N1,14,9,2200,スイ,かわせみ; みどり,green; kingfisher
鮎,N1,16,9,2201,デン; ネン,あゆ; なまず,freshwater trout; smelt
榛,N1,14,9,2205,シン; ハン,はしばみ; はり,hazelnut; filbert
凹,N1,5,8,2206,オウ,くぼ.む; へこ.む; ぼこ,concave; hollow; sunken
艶,N1,19,8,2207,エン,つや; なま.めかしい; あで.やか; つや.めく; なま.めく,glossy; luster; glaze; polish; charm; colorful; captivating
惣,N1,12,9,2211,ソウ,すべ.て,all
蔦,N1,14,9,2215,チョウ,つた,vine; ivy
錬,N1,16,8,2221,レン,ね.る,tempering; refine; drill; train; polish
隼,N1,10,9,2224,シュン; ジュン,はやぶさ,falcon
渚,N1,11,9,2226,ショ,なぎさ,strand; beach; shore
衷,N1,9,8,2229,チュウ,,inmost; heart; mind; inside
逐,N1,10,8,2230,チク,,pursue; drive away; chase; accomplish; attain; commit
斥,N1,5,8,2231,セキ,しりぞ.ける,reject; retreat; recede; withdraw; repel; repulse
稀,N1,12,9,2232,キ; ケ,まれ; まばら,rare; phenomenal; dilute (acid)
芙,N1,7,9,2238,フ,,lotus; Mt Fuji
詔,N1,12,8,2239,ショウ,みことのり,imperial edict
皐,N1,11,9,2240,コウ,さつき,swamp; shore; fifth month
雛,N1,18,9,2241,スウ; ス; ジュ,ひな; ひよこ,chick; squab; duckling; doll
惟,N1,11,9,2246,イ; ユイ,おも.んみる; これ; おも.うに,consider; reflect; think
佑,N1,7,9,2250,ユウ; ウ,たす.ける,help; assist
耀,N1,20,9,2253,ヨウ,かがや.く; ひかり,shine; sparkle; gleam; twinkle
黛,N1,16,9,2254,タイ,まゆずみ,blackened eyebrows
渥,N1,12,9,2257,アク,あつ.い; うるお.う,kindness; moisten
憧,N1,15,8,2259,ショウ; トウ; ドウ,あこが.れる,yearn after; long for; aspire to; admire; adore
宵,N1,10,8,2262,ショウ,よい,wee hours; evening; early night
妄,N1,6,8,2264,モウ; ボウ,みだ.りに,delusion; unnecessarily; without authority; reckless
惇,N1,11,9,2265,シュン; ジュン; トン,あつ.い,sincere; kind; considerate
脩,N1,11,9,2267,シュウ,おさ.める; なが.い; ほじし,dried meat
甫,N1,7,9,2270,ホ; フ,はじ.めて,for the first time; not until
酌,N1,10,8,2271,シャク,く.む,bar-tending; serving sake; the host; draw (water); ladle; scoop; pump
蚕,N1,10,6,2272,サン; テン,かいこ; こ,silkworm
嬉,N1,15,9,2274,キ,うれ.しい; たの.しむ,glad; pleased; rejoice
蒼,N1,13,9,2276,ソウ,あお.い,blue; pale
暉,N1,13,9,2285,キ,かが.やく,shine; light
頒,N1,13,8,2287,ハン,わ.かつ; わ.ける,distribute; disseminate; partition; understand
只,N1,5,9,2288,シ,ただ,only; free; in addition
肢,N1,8,8,2289,シ,,limb; arms & legs
檀,N1,17,9,2291,ダン; タン,まゆみ,cedar; sandalwood; spindle tree
凱,N1,12,9,2293,ガイ; カイ,かちどき; やわらぐ,victory song
彗,N1,11,9,2294,スイ; エ; ケイ; セイ,ほうき,comet; broom
謄,N1,17,8,2295,トウ,,mimeograph; copy
梓,N1,11,9,2301,シ,あずさ,catalpa tree; woodblock printing
丑,N1,4,9,2305,チュウ,うし,sign of the ox or cow; 1-3AM; second sign of Chinese zodiac
嗣,N1,13,8,2310,シ,,heir; succeed
叶,N1,5,9,2312,キョウ,かな.える; かな.う,grant; answer
汐,N1,6,9,2314,セキ,しお; うしお; せい,eventide; tide; salt water; opportunity
絢,N1,12,9,2315,ケン,,brilliant fabric design
朔,N1,10,9,2318,サク,ついたち,conjunction (astronomy); first day of month; north
伽,N1,7,9,2323,カ; ガ; キャ; ギャ,とぎ,nursing; attending; entertainer
畝,N1,10,8,2327,ボウ; ホ; モ; ム,せ; うね,furrow; thirty tsubo; ridge; rib
抄,N1,7,8,2328,ショウ,,extract; selection; summary; copy; spread thin
爽,N1,11,8,2333,ソウ,あき.らか; さわ.やか; たがう,refreshing; bracing; resonant; sweet; clear
黎,N1,15,9,2335,レイ; リ,くろ.い,dark; black; many
惰,N1,12,8,2336,ダ,,lazy; laziness
蛮,N1,12,8,2339,バン,えびす,barbarian
冴,N1,7,9,2341,ゴ; コ,さ.える; こお.る; ひ.える,be clear; serene; cold; skilful
旺,N1,8,8,2342,オウ,さかん,flourishing; successful; beautiful; vigorous
萌,N1,11,9,2346,ホウ,も.える; きざ.す; めばえ; きざ.し,show symptoms of; sprout; bud; malt
偲,N1,11,9,2350,サイ; シ,しの.ぶ,recollect; remember
壱,N1,7,8,2351,イチ; イツ,ひとつ,one (in documents)
瑠,N1,14,8,2352,ル; リュウ,,lapis lazuli
允,N1,4,9,2358,イン,じょう; まこと.に; ゆるす,license; sincerity; permit
侯,N1,9,8,2363,コウ,,marquis; lord; daimyo
蒔,N1,13,9,2368,シ; ジ,う.える; ま.く,sow (seeds)
鯉,N1,18,9,2369,リ,こい,carp
弧,N1,9,8,2371,コ,,arc; arch; bow
遥,N1,12,9,2376,ヨウ,はる.か,far off; distant; long ago
舜,N1,13,9,2384,シュン,,type of morning glory; rose of Sharon; althea
瑛,N1,12,9,2393,エイ,,sparkle of jewelry; crystal
附,N1,8,8,2396,フ,つ.ける; つ.く,affixed; attach; refer to; append
彪,N1,11,9,2397,ヒョウ; ヒュウ,あや,spotted; mottled; patterned; small tiger
卯,N1,5,9,2400,ボウ; モウ,う,sign of the hare or rabbit; fourth sign of Chinese zodiac; 5-7AM; east
但,N1,7,8,2404,タン,ただ.し,however; but
綺,N1,14,9,2413,キ,あや,figured cloth; beautiful
芋,N1,6,8,2418,ウ,いも,taro; yam; tuber
茜,N1,9,9,2422,セン,あかね,madder; red dye; Turkey red
凌,N1,10,9,2423,リョウ,しの.ぐ,endure; keep (rain)out; stave off; tide over; defy; slight; surpass
皓,N1,12,9,2428,コウ,しろ.い; ひか.る,white; clear
洸,N1,9,9,2430,コウ,,sparkling water
毬,N1,11,9,2431,キュウ,いが; まり,burr; ball
婆,N1,11,8,2435,バ,ばば; ばあ,old woman; grandma; wet nurse
緋,N1,14,9,2443,ヒ,あけ; あか,scarlet; cardinal
鯛,N1,19,9,2446,チョウ,たい,sea bream; red snapper
怜,N1,8,9,2450,レイ; レン; リョウ,あわ.れむ; さと.い,wise
邑,N1,7,9,2452,ユウ,むら,village; rural community; right village radical (no. 163)
倣,N1,10,8,2454,ホウ,なら.う,emulate; imitate
碧,N1,14,9,2455,ヘキ; ヒャク,,blue; green
啄,N1,10,9,2463,タク; ツク; トク,ついば.む; つつ.く,peck; pick up
穣,N1,18,9,2464,ジョウ,わら; ゆたか,good crops; prosperity; 10**28
酉,N1,7,9,2468,ユウ,とり,west; bird; sign of the bird; 5-7PM; tenth sign of Chinese zodiac; sake radical (no. 164)
悌,N1,10,9,2474,テイ; ダイ,,serving our elders
倹,N1,10,8,2479,ケン,つま.しい; つづまやか,frugal; economy; thrifty
柚,N1,9,9,2489,ユ; ユウ; ジク,ゆず,citron
繭,N1,18,8,2495,ケン,まゆ; きぬ,cocoon
紬,N1,11,9,,チュウ,つむぎ; つむ.ぐ,pongee (a knotted silk cloth)
哉,N1,9,9,,サイ,かな; や,how; what; alas; question mark; exclamation mark
凪,N1,6,9,,,なぎ; な.ぐ,lull; calm; (kokuji)
燦,N1,17,9,,サン,さん.たる; あき.らか; きらめ.く; きら.めく,brilliant
栞,N1,10,9,,カン,しおり,bookmark; guidebook
崚,N1,11,9,,リョウ,,mountains towering in a row
汰,N1,7,8,,タ; タイ,おご.る; にご.る; よな.げる,washing; sieving; filtering; weeding out; luxury
銑,N1,14,9,,セン,,pig iron
脹,N1,12,9,,チョウ,は.れる; ふく.らむ; ふく.れる,dilate; distend; bulge; fill out; swell
賦,N1,15,8,,フ; ブ,,levy; ode; prose; poem; tribute; installment
晟,N1,10,9,,セイ; ジョウ,あきらか,clear
斤,N1,4,8,,キン,,axe; 1.32 lb; catty; counter for loaves of bread; axe radical (no. 69)
亦,N1,6,9,,エキ; ヤク,また,also; again
冶,N1,7,8,,ヤ,い.る,melting; smelting
瑶,N1,13,9,,ヨウ,たま,beautiful as a jewel
且,N1,5,8,,ショ; ソ; ショウ,か.つ,moreover; also; furthermore
弐,N1,6,8,,ニ; ジ,ふた.つ; そえ,II; two; second
勁,N1,9,9,,ケイ,つよ.い,strong
旦,N1,5,8,,タン; ダン,あき.らか; あきら; ただし; あさ; あした,daybreak; dawn; morning
麟,N1,24,9,,リン,,Chinese unicorn; genius; giraffe; bright; shining
耗,N1,10,8,,モウ; コウ,,decrease
亥,N1,6,9,,ガイ; カイ,い,sign of the hog; 9-11PM; twelfth sign of the Chinese zodiac
吏,N1,6,8,,リ,,officer; an official
勺,N1,3,9,,シャク,,ladle; one tenth of a go; dip
塑,N1,13,8,,ソ,でく,model; molding
侑,N1,8,9,,ユウ; ウ,すす.める; たす.ける,urge to eat
叡,N1,16,9,,エイ,あき.らか,intelligence; imperial
澪,N1,16,9,,レイ,みお,water route; shipping channel
嵩,N1,13,9,,スウ; シュウ,かさ; かさ.む; たか.い,be aggravated; grow worse; grow bulky; swell
箇,N1,14,8,,カ; コ,,counter for articles
匁,N1,4,9,,,もんめ; め,monme; 3.75 grams; (kokuji)
裟,N1,13,9,,サ; シャ,,Buddhist surplice
誼,N1,15,9,,ギ,よしみ; よい,friendship; intimacy
錘,N1,16,9,,スイ,つむ; おもり,weight; plumb bob; sinker; spindle
竣,N1,12,9,,ドウ; シュン,わらわ; わらべ; おわ.る,end; finish
胤,N1,9,9,,イン,たね,descendent; issue; offspring
爵,N1,17,8,,シャク,,baron; peerage; court rank
椋,N1,12,9,,リョウ,むく,type of deciduous tree; grey starling
鞠,N1,17,9,,キク; キュウ,まり,ball
瑚,N1,13,9,,コ; ゴ,,ancestral offering receptacle; coral
麿,N1,18,9,,,まろ,I; you; (kokuji)
洵,N1,9,9,,ジュン; シュン,の.ぶ; まこと.に,alike; truth
碩,N1,14,9,,セキ,おお.きい,large; great; eminent
茉,N1,8,9,,マツ; バツ; マ,,jasmine
凜,N1,15,9,,リン,きびし.い,cold; strict; severe
遵,N1,15,8,,ジュン,,abide by; follow; obey; learn
宥,N1,9,9,,ユウ,なだ.める; ゆる.す,soothe; calm; pacify
袈,N1,11,9,,ケ; カ,,a coarse camlet
楓,N1,13,9,,フウ,かえで,maple
墾,N1,16,8,,コン,は.る; ひら.く,ground-breaking; open up farmland
昴,N1,9,9,,コウ; ボウ,すばる,the Pleiades
笙,N1,11,9,,ショウ; ソウ,ふえ,a reed instrument
耶,N1,9,9,,ヤ; ジャ,か,question mark
侃,N1,8,9,,カン,つよ.い,strong; just; righteous; peace-loving
菫,N1,11,9,,キン,すみれ,the violet
痘,N1,12,8,,トウ,,pox; smallpox
迪,N1,8,9,,テキ,みち; みちび.く; すす.む; いた.る,edify; way; path
茄,N1,8,9,,カ,,eggplant
梢,N1,11,9,,ショウ,こずえ; くすのき,treetops; twig
菖,N1,11,9,,ショウ,,iris
倖,N1,10,9,,コウ,しあわ.せ; さいわ.い,happiness; luck
璃,N1,15,8,,リ,,glassy; lapis lazuli
莞,N1,10,9,,カン,い,smiling; reed used to cover tatami
瞭,N1,17,8,,リョウ,あきらか,clear
梧,N1,11,9,,ゴ,あおぎり,Chinese parasol tree; phoenix tree
昂,N1,8,9,,コウ; ゴウ,あ.がる; たか.い; たか.ぶる,rise
莉,N1,10,9,,リ; ライ; レイ,,jasmine
紗,N1,10,9,,サ; シャ,うすぎぬ,gauze; gossamer
采,N1,8,8,,サイ,と.る; いろどり,dice; form; appearance; take; gather; coloring
颯,N1,14,9,,サツ; ソウ,さっ.と,sudden; quick; sound of the wind
詢,N1,13,9,,ジュン; シュン,はか.る; まこと,consult with
爾,N1,14,9,,ジ; ニ,なんじ; しかり; その; のみ; おれ; しか,you; thou; second person
玖,N1,7,9,,キュウ; ク,,beautiful black jewel; nine
晏,N1,10,9,,アン,おそ.い,late; quiet; sets (sun)
蕗,N1,16,9,,ロ; ル,ふき,butterbur; bog rhubarb
衿,N1,9,9,,キン; コン,えり,neck; collar; lapel
眸,N1,11,9,,ボウ; ム,ひとみ,pupil of the eye
頌,N1,13,9,,ショウ; ジュ; ヨウ,かたち; たた.える; ほめ.る,eulogy
椰,N1,13,9,,ヤ,やし,coconut tree
瑳,N1,14,9,,サ,みが.く,polish; brilliant white luster of a gem; artful smile
綸,N1,14,9,,リン; カン,いと,thread; silk cloth
熙,N1,15,9,,キ,たのし.む; ひか.る; ひろ.い; よろこ.ぶ; かわ.く; あきらか; ひろ.める; ひろ.まる,bright; sunny; prosperous; merry
奎,N1,9,9,,ケイ; キ,,star; god of literature
虞,N1,13,8,,グ,おそれ; おもんぱか.る; はか.る; うれ.える; あざむ.く; あやま.る; のぞ.む; たの.しむ,fear; uneasiness; anxiety; concern; expectation; consideration
晨,N1,11,9,,シン,あした; とき; あさ,morning; early
丞,N1,6,9,,ジョウ; ショウ,すく.う; たす.ける,help
琳,N1,12,9,,リン,,jewel; tinkling of jewelry
捺,N1,11,9,,ナツ; ダツ,さ.す; お.す,press; print; affix a seal; stamp
謁,N1,15,8,,エツ,,audience; audience (with king)
柾,N1,9,9,,,まさ; まさめ; まさき,straight grain; spindle tree; (kokuji)
燿,N1,18,9,,ヨウ,かがや.く; ひかり,shine
濫,N1,18,8,,ラン,みだ.りに; みだ.りがましい,excessive; overflow; spread out
絃,N1,11,9,,ゲン,いと,string; cord; samisen music
柊,N1,9,9,,シュ; シュウ,ひいらぎ,holly
伶,N1,7,9,,レイ; リョウ,わざおぎ,actor
恕,N1,10,9,,ジョ; ショ,ゆる.す,excuse; tolerate; forgive
丙,N1,5,8,,ヘイ,ひのえ,third class; 3rd; 3rd calendar sign
朕,N1,10,8,,チン,,majestic plural; imperial we
諄,N1,15,9,,シュン,ひちくど.い; くど.い; くどくど; ねんご.ろ,tedious
伎,N1,6,8,,ギ; キ,わざ; わざおぎ,deed; skill
捷,N1,11,9,,ショウ; ソウ,はや.い,victory; fast
諒,N1,15,9,,リョウ,あきら.か; まことに,fact; reality; understand; appreciate
蓉,N1,13,9,,ヨウ,,lotus
燎,N1,16,9,,リョウ,かがりび,burn; bonfire
滉,N1,13,9,,コウ,ひろ.い,deep and broad (water)
